workload_id,decisao_id,tempo_decisao,pid,tempo_chegada,tempo_cpu_total,tempo_cpu_executado,tempo_cpu_restante,prioridade,tipo_processo,operacao_es,probabilidade_es,media_es,duracao_es,fila,tempo_espera_atual,ja_executou,vezes_executado,tempo_desde_ultima_execucao,sensivel_resposta,risco_inanicao,quantum_sugerido,qtd_processos_prontos,qtd_fila_1,qtd_fila_2,qtd_fila_3,percentual_cpu_executado,percentual_cpu_restante,selecionado
1,1,170,H01_0001_01,100,23,0,23,3,misto,1,0.56,2.36,7,2,7,0,0,0,0,0.2636,4,3,1,1,1,0.0,1.0,0
1,1,170,H01_0001_02,13,8,7,1,2,interativo,1,0.49,2.45,6,1,72,1,2,5,1,1,3,3,1,1,1,0.875,0.125,1
1,1,170,H01_0001_03,76,54,26,28,3,cpu_bound,0,0.0,0.0,0,3,29,1,3,18,0,0.8436,8,3,1,1,1,0.4815,0.5185,0
1,2,278,H01_0002_01,74,35,10,25,5,batch,1,0.26,1.29,11,3,156,1,6,157,0,1,8,7,1,5,1,0.2857,0.7143,0
1,2,278,H01_0002_02,176,18,8,10,4,misto,1,0.32,2.08,4,2,86,1,6,68,0,1,4,7,1,5,1,0.4444,0.5556,0
1,2,278,H01_0002_03,156,21,8,13,3,misto,1,0.57,3.32,6,2,99,1,1,22,0,1,4,7,1,5,1,0.381,0.619,0
1,2,278,H01_0002_04,0,15,2,13,2,io_bound,1,0.6,2.53,9,2,126,1,1,121,0,1,4,7,1,5,1,0.1333,0.8667,0
1,2,278,H01_0002_05,53,12,6,6,2,io_bound,1,0.9,3.66,11,2,205,1,3,76,0,1,4,7,1,5,1,0.5,0.5,1
1,2,278,H01_0002_06,84,8,7,1,1,tempo_real,0,0.0,0.0,0,1,97,1,7,34,1,1,2,7,1,5,1,0.875,0.125,0
1,2,278,H01_0002_07,71,29,27,2,2,misto,1,0.45,3.17,8,2,61,1,6,16,0,1,4,7,1,5,1,0.931,0.069,0
1,3,298,H01_0003_01,54,15,1,14,3,io_bound,1,0.86,5.93,11,2,62,1,1,28,0,1,4,7,1,2,4,0.0667,0.9333,0
1,3,298,H01_0003_02,175,5,3,2,1,tempo_real,0,0.0,0.0,0,1,65,1,1,46,1,1,2,7,1,2,4,0.6,0.4,0
1,3,298,H01_0003_03,118,38,19,19,4,cpu_bound,1,0.18,1.06,3,3,106,1,8,49,0,1,8,7,1,2,4,0.5,0.5,0
1,3,298,H01_0003_04,281,43,5,38,4,cpu_bound,0,0.0,0.0,0,3,12,1,4,2,0,0.3091,8,7,1,2,4,0.1163,0.8837,0
1,3,298,H01_0003_05,46,16,13,3,2,io_bound,1,0.74,4.53,10,2,200,1,6,78,0,1,4,7,1,2,4,0.8125,0.1875,1
1,3,298,H01_0003_06,42,56,53,3,5,cpu_bound,0,0.0,0.0,0,3,132,1,10,29,0,1,8,7,1,2,4,0.9464,0.0536,0
1,3,298,H01_0003_07,189,33,0,33,4,cpu_bound,0,0.0,0.0,0,3,60,0,0,0,0,1,8,7,1,2,4,0.0,1.0,0
1,4,224,H01_0004_01,202,50,42,8,5,batch,1,0.37,2.94,11,3,2,1,10,0,0,0.0818,8,3,0,2,1,0.84,0.16,0
1,4,224,H01_0004_02,28,10,3,7,2,io_bound,1,0.72,5.89,7,2,1,1,3,5,0,0.2,4,3,0,2,1,0.3,0.7,1
1,4,224,H01_0004_03,224,29,22,7,3,misto,1,0.44,3.72,5,2,0,1,4,3,0,0.1364,4,3,0,2,1,0.7586,0.2414,0
1,5,237,H01_0005_01,112,61,26,35,5,cpu_bound,1,0.24,0.48,6,3,65,1,1,30,0,1,8,9,6,0,3,0.4262,0.5738,0
1,5,237,H01_0005_02,235,3,2,1,1,tempo_real,0,0.0,0.0,0,1,0,1,2,5,1,0.3473,2,9,6,0,3,0.6667,0.3333,0
1,5,237,H01_0005_03,135,8,2,6,2,interativo,1,0.34,2.41,5,1,49,1,1,8,1,1,3,9,6,0,3,0.25,0.75,0
1,5,237,H01_0005_04,115,38,14,24,5,batch,0,0.0,0.0,0,3,62,1,4,11,0,1,8,9,6,0,3,0.3684,0.6316,0
1,5,237,H01_0005_05,10,16,7,9,2,interativo,1,0.28,1.86,4,1,147,1,6,143,1,1,3,9,6,0,3,0.4375,0.5625,1
1,5,237,H01_0005_06,80,15,11,4,1,interativo,0,0.0,0.0,0,1,51,1,10,15,1,1,3,9,6,0,3,0.7333,0.2667,0
1,5,237,H01_0005_07,225,50,8,42,5,cpu_bound,0,0.0,0.0,0,3,4,1,5,2,0,0.1182,8,9,6,0,3,0.16,0.84,0
1,5,237,H01_0005_08,196,15,0,15,2,interativo,1,0.53,1.61,4,1,20,0,0,0,1,0.6655,3,9,6,0,3,0.0,1.0,0
1,5,237,H01_0005_09,162,5,0,5,2,interativo,1,0.62,2.43,2,1,21,0,0,0,1,0.6836,3,9,6,0,3,0.0,1.0,0
1,6,90,H01_0006_01,70,23,14,9,2,misto,1,0.59,3.84,3,2,11,1,11,9,0,0.3818,4,7,1,3,3,0.6087,0.3913,0
1,6,90,H01_0006_02,65,9,4,5,3,io_bound,1,0.83,5.84,9,2,3,1,1,6,0,0.1909,4,7,1,3,3,0.4444,0.5556,0
1,6,90,H01_0006_03,27,56,11,45,3,cpu_bound,0,0.0,0.0,0,3,41,1,11,4,0,1,8,7,1,3,3,0.1964,0.8036,0
1,6,90,H01_0006_04,76,33,31,2,5,batch,0,0.0,0.0,0,3,4,1,1,7,0,0.1182,8,7,1,3,3,0.9394,0.0606,0
1,6,90,H01_0006_05,2,12,2,10,2,misto,1,0.4,3.74,6,2,63,1,2,34,0,1,4,7,1,3,3,0.1667,0.8333,1
1,6,90,H01_0006_06,72,6,4,2,1,tempo_real,0,0.0,0.0,0,1,3,1,1,7,1,0.4018,2,7,1,3,3,0.6667,0.3333,0
1,6,90,H01_0006_07,68,57,9,48,3,cpu_bound,0,0.0,0.0,0,3,6,1,8,10,0,0.2455,8,7,1,3,3,0.1579,0.8421,0
1,7,4,H01_0007_01,2,45,13,32,5,cpu_bound,0,0.0,0.0,0,3,0,1,11,5,0,0.0455,8,6,1,2,3,0.2889,0.7111,0
1,7,4,H01_0007_02,0,9,3,6,1,tempo_real,0,0.0,0.0,0,1,1,1,3,5,1,0.3655,2,6,1,2,3,0.3333,0.6667,1
1,7,4,H01_0007_03,0,60,35,25,5,batch,1,0.47,3.09,12,3,4,1,2,1,0,0.1182,8,6,1,2,3,0.5833,0.4167,0
1,7,4,H01_0007_04,3,21,12,9,2,misto,1,0.41,2.68,6,2,0,1,1,5,0,0.1818,4,6,1,2,3,0.5714,0.4286,0
1,7,4,H01_0007_05,2,63,36,27,3,cpu_bound,0,0.0,0.0,0,3,2,1,6,6,0,0.1727,8,6,1,2,3,0.5714,0.4286,0
1,7,4,H01_0007_06,3,15,10,5,4,io_bound,1,0.87,5.32,8,2,0,1,9,0,0,0.0909,4,6,1,2,3,0.6667,0.3333,0
1,8,267,H01_0008_01,66,14,2,12,1,interativo,1,0.65,1.76,3,1,199,1,2,35,1,1,3,5,3,1,1,0.1429,0.8571,1
1,8,267,H01_0008_02,174,4,2,2,2,tempo_real,0,0.0,0.0,0,1,5,1,2,5,1,0.3927,2,5,3,1,1,0.5,0.5,0
1,8,267,H01_0008_03,65,34,3,31,5,cpu_bound,0,0.0,0.0,0,3,99,1,3,72,0,1,8,5,3,1,1,0.0882,0.9118,0
1,8,267,H01_0008_04,196,5,2,3,1,tempo_real,0,0.0,0.0,0,1,45,1,1,11,1,1,2,5,3,1,1,0.4,0.6,0
1,8,267,H01_0008_05,229,14,8,6,3,misto,1,0.34,1.81,7,2,29,1,2,27,0,0.6636,4,5,3,1,1,0.5714,0.4286,0
1,9,248,H01_0009_01,157,11,4,7,3,interativo,1,0.3,2.45,6,1,49,1,4,6,1,1,3,3,1,1,1,0.3636,0.6364,0
1,9,248,H01_0009_02,126,42,21,21,3,cpu_bound,0,0.0,0.0,0,3,78,1,8,43,0,1,8,3,1,1,1,0.5,0.5,0
1,9,248,H01_0009_03,156,8,7,1,2,io_bound,1,0.68,5.55,8,2,78,1,7,12,0,1,4,3,1,1,1,0.875,0.125,1
1,10,70,H01_0010_01,44,11,2,9,3,io_bound,1,0.89,5.88,5,2,21,1,1,26,0,0.5182,4,9,3,5,1,0.1818,0.8182,0
1,10,70,H01_0010_02,65,4,2,2,1,tempo_real,0,0.0,0.0,0,1,5,1,2,2,1,0.4382,2,9,3,5,1,0.5,0.5,0
1,10,70,H01_0010_03,65,14,4,10,4,io_bound,1,0.8,3.25,4,2,5,1,4,8,0,0.1818,4,9,3,5,1,0.2857,0.7143,0
1,10,70,H01_0010_04,20,16,1,15,3,io_bound,1,0.84,4.71,7,2,14,1,1,10,0,0.3909,4,9,3,5,1,0.0625,0.9375,0
1,10,70,H01_0010_05,35,13,7,6,4,misto,1,0.63,2.89,6,2,2,1,3,5,0,0.1273,4,9,3,5,1,0.5385,0.4615,0
1,10,70,H01_0010_06,16,17,9,8,3,io_bound,1,0.62,5.31,8,2,14,1,3,13,0,0.3909,4,9,3,5,1,0.5294,0.4706,0
1,10,70,H01_0010_07,30,55,44,11,5,cpu_bound,0,0.0,0.0,0,3,40,1,8,3,0,0.9527,8,9,3,5,1,0.8,0.2,0
1,10,70,H01_0010_08,14,11,3,8,2,interativo,1,0.57,2.75,5,1,42,1,3,9,1,1,3,9,3,5,1,0.2727,0.7273,0
1,10,70,H01_0010_09,6,5,4,1,2,interativo,1,0.6,1.81,4,1,43,1,1,15,1,1,3,9,3,5,1,0.8,0.2,1
1,11,147,H01_0011_01,49,22,17,5,5,batch,0,0.0,0.0,0,3,62,1,6,37,0,1,8,8,1,4,3,0.7727,0.2273,0
1,11,147,H01_0011_02,49,19,15,4,4,io_bound,1,0.81,4.34,11,2,9,1,6,9,0,0.2545,4,8,1,4,3,0.7895,0.2105,0
1,11,147,H01_0011_03,19,21,10,11,3,misto,0,0.0,0.0,0,2,50,1,3,4,0,1,4,8,1,4,3,0.4762,0.5238,0
1,11,147,H01_0011_04,5,12,1,11,3,io_bound,1,0.68,5.38,7,2,24,1,1,1,0,0.5727,4,8,1,4,3,0.0833,0.9167,0
1,11,147,H01_0011_05,0,10,8,2,2,interativo,1,0.62,1.26,5,1,105,1,3,104,1,1,3,8,1,4,3,0.8,0.2,1
1,11,147,H01_0011_06,24,39,9,30,3,cpu_bound,1,0.14,0.5,5,3,104,1,3,50,0,1,8,8,1,4,3,0.2308,0.7692,0
1,11,147,H01_0011_07,122,32,2,30,4,cpu_bound,0,0.0,0.0,0,3,25,1,1,17,0,0.5455,8,8,1,4,3,0.0625,0.9375,0
1,11,147,H01_0011_08,129,20,13,7,4,io_bound,1,0.84,4.55,9,2,13,1,6,12,0,0.3273,4,8,1,4,3,0.65,0.35,0
1,12,215,H01_0012_01,133,49,41,8,5,batch,0,0.0,0.0,0,3,66,1,6,15,0,1,8,8,1,1,6,0.8367,0.1633,0
1,12,215,H01_0012_02,200,42,37,5,5,batch,1,0.4,1.57,12,3,11,1,4,2,0,0.2455,8,8,1,1,6,0.881,0.119,0
1,12,215,H01_0012_03,49,40,13,27,4,cpu_bound,1,0.24,1.1,4,3,96,1,2,41,0,1,8,8,1,1,6,0.325,0.675,1
1,12,215,H01_0012_04,206,51,28,23,5,cpu_bound,1,0.19,0.51,4,3,2,1,3,7,0,0.0818,8,8,1,1,6,0.549,0.451,0
1,12,215,H01_0012_05,86,43,38,5,4,cpu_bound,0,0.0,0.0,0,3,107,1,3,16,0,1,8,8,1,1,6,0.8837,0.1163,0
1,12,215,H01_0012_06,189,8,7,1,3,interativo,0,0.0,0.0,0,1,9,1,7,10,1,0.42,3,8,1,1,6,0.875,0.125,0
1,12,215,H01_0012_07,197,6,0,6,3,io_bound,1,0.81,3.01,7,2,3,0,0,0,0,0.1909,4,8,1,1,6,0.0,1.0,0
1,12,215,H01_0012_08,141,27,23,4,4,cpu_bound,1,0.15,1.2,6,3,49,1,3,40,0,1,8,8,1,1,6,0.8519,0.1481,0
1,13,48,H01_0013_01,34,17,3,14,3,io_bound,1,0.69,3.02,5,2,5,1,2,8,0,0.2273,4,6,3,1,2,0.1765,0.8235,0
1,13,48,H01_0013_02,31,34,11,23,4,cpu_bound,0,0.0,0.0,0,3,1,1,11,0,0,0.1091,8,6,3,1,2,0.3235,0.6765,0
1,13,48,H01_0013_03,31,9,8,1,2,tempo_real,0,0.0,0.0,0,1,8,1,1,10,1,0.4473,2,6,3,1,2,0.8889,0.1111,1
1,13,48,H01_0013_04,17,15,12,3,3,interativo,1,0.47,1.55,3,1,21,1,3,6,1,0.6382,3,6,3,1,2,0.8,0.2,0
1,13,48,H01_0013_05,27,13,6,7,3,interativo,1,0.42,2.99,2,1,5,1,6,5,1,0.3473,3,6,3,1,2,0.4615,0.5385,0
1,13,48,H01_0013_06,19,35,7,28,5,cpu_bound,0,0.0,0.0,0,3,13,1,7,6,0,0.2818,8,6,3,1,2,0.2,0.8,0
1,14,15,H01_0014_01,2,18,12,6,2,misto,0,0.0,0.0,0,2,3,1,9,6,0,0.2364,4,5,1,3,1,0.6667,0.3333,0
1,14,15,H01_0014_02,2,13,11,2,3,misto,1,0.66,3.74,5,2,6,1,7,11,0,0.2455,4,5,1,3,1,0.8462,0.1538,0
1,14,15,H01_0014_03,0,27,12,15,4,batch,0,0.0,0.0,0,3,4,1,3,2,0,0.1636,8,5,1,3,1,0.4444,0.5556,0
1,14,15,H01_0014_04,1,11,1,10,3,interativo,1,0.44,2.45,4,1,9,1,1,9,1,0.42,3,5,1,3,1,0.0909,0.9091,1
1,14,15,H01_0014_05,2,15,4,11,2,misto,1,0.58,3.27,6,2,10,1,4,2,0,0.3636,4,5,1,3,1,0.2667,0.7333,0
1,15,410,H01_0015_01,393,19,2,17,3,io_bound,1,0.72,4.14,10,2,6,1,1,1,0,0.2455,4,5,1,3,1,0.1053,0.8947,0
1,15,410,H01_0015_02,184,12,7,5,3,io_bound,0,0.0,0.0,0,2,62,1,2,57,0,1,4,5,1,3,1,0.5833,0.4167,0
1,15,410,H01_0015_03,304,14,1,13,2,io_bound,1,0.63,4.9,8,2,105,1,1,0,0,1,4,5,1,3,1,0.0714,0.9286,0
1,15,410,H01_0015_04,272,28,21,7,4,cpu_bound,0,0.0,0.0,0,3,87,1,10,84,0,1,8,5,1,3,1,0.75,0.25,0
1,15,410,H01_0015_05,8,10,0,10,1,tempo_real,0,0.0,0.0,0,1,134,0,0,0,1,1,2,5,1,3,1,0.0,1.0,1
1,16,119,H01_0016_01,83,16,15,1,2,interativo,1,0.48,1.36,6,1,19,1,4,10,1,0.6473,3,5,2,3,0,0.9375,0.0625,1
1,16,119,H01_0016_02,80,6,0,6,3,interativo,0,0.0,0.0,0,1,24,0,0,0,1,0.6927,3,5,2,3,0,0.0,1.0,0
1,16,119,H01_0016_03,18,25,17,8,4,misto,1,0.43,2.17,3,2,72,1,7,33,0,1,4,5,2,3,0,0.68,0.32,0
1,16,119,H01_0016_04,73,17,4,13,2,misto,1,0.67,2.55,6,2,23,1,4,3,0,0.6,4,5,2,3,0,0.2353,0.7647,0
1,16,119,H01_0016_05,10,18,16,2,3,io_bound,1,0.64,4.24,5,2,21,1,6,13,0,0.5182,4,5,2,3,0,0.8889,0.1111,0
1,17,409,H01_0017_01,2,35,13,22,5,batch,0,0.0,0.0,0,3,309,1,8,129,0,1,8,4,0,2,2,0.3714,0.6286,1
1,17,409,H01_0017_02,225,29,12,17,5,cpu_bound,0,0.0,0.0,0,3,5,1,5,6,0,0.1364,8,4,0,2,2,0.4138,0.5862,0
1,17,409,H01_0017_03,63,11,3,8,4,io_bound,1,0.61,3.73,10,2,63,1,3,68,0,1,4,4,0,2,2,0.2727,0.7273,0
1,17,409,H01_0017_04,280,16,3,13,4,misto,1,0.5,2.97,6,2,73,1,1,49,0,1,4,4,0,2,2,0.1875,0.8125,0
1,18,307,H01_0018_01,268,65,25,40,4,cpu_bound,0,0.0,0.0,0,3,11,1,10,10,0,0.2909,8,5,1,3,1,0.3846,0.6154,0
1,18,307,H01_0018_02,177,20,15,5,2,misto,1,0.52,2.72,7,2,108,1,4,5,0,1,4,5,1,3,1,0.75,0.25,1
1,18,307,H01_0018_03,244,21,1,20,2,misto,0,0.0,0.0,0,2,49,1,1,1,0,1,4,5,1,3,1,0.0476,0.9524,0
1,18,307,H01_0018_04,269,17,16,1,3,io_bound,1,0.88,3.51,10,2,7,1,3,8,0,0.2636,4,5,1,3,1,0.9412,0.0588,0
1,18,307,H01_0018_05,275,10,5,5,1,interativo,1,0.53,1.1,2,1,5,1,2,0,1,0.4382,3,5,1,3,1,0.5,0.5,0
1,19,99,H01_0019_01,99,6,0,6,3,io_bound,1,0.81,3.29,9,2,0,0,0,0,0,0.1364,4,9,2,3,4,0.0,1.0,0
1,19,99,H01_0019_02,53,13,3,10,2,interativo,0,0.0,0.0,0,1,39,1,2,37,1,1,3,9,2,3,4,0.2308,0.7692,1
1,19,99,H01_0019_03,47,11,9,2,4,io_bound,1,0.89,3.86,5,2,37,1,1,40,0,0.7636,4,9,2,3,4,0.8182,0.1818,0
1,19,99,H01_0019_04,5,5,2,3,1,tempo_real,0,0.0,0.0,0,1,18,1,1,10,1,0.6745,2,9,2,3,4,0.4,0.6,0
1,19,99,H01_0019_05,93,46,31,15,4,cpu_bound,0,0.0,0.0,0,3,6,1,10,0,0,0.2,8,9,2,3,4,0.6739,0.3261,0
1,19,99,H01_0019_06,64,37,16,21,4,cpu_bound,0,0.0,0.0,0,3,20,1,12,2,0,0.4545,8,9,2,3,4,0.4324,0.5676,0
1,19,99,H01_0019_07,84,10,4,6,3,io_bound,1,0.72,4.28,4,2,6,1,2,5,0,0.2455,4,9,2,3,4,0.4,0.6,0
1,19,99,H01_0019_08,7,57,49,8,4,batch,1,0.3,1.35,10,3,78,1,10,4,0,1,8,9,2,3,4,0.8596,0.1404,0
1,19,99,H01_0019_09,29,50,37,13,3,cpu_bound,0,0.0,0.0,0,3,17,1,2,19,0,0.4455,8,9,2,3,4,0.74,0.26,0
1,20,228,H01_0020_01,138,15,9,6,3,misto,1,0.32,3.1,5,2,55,1,3,0,0,1,4,4,2,2,0,0.6,0.4,0
1,20,228,H01_0020_02,110,11,6,5,3,interativo,1,0.29,2.95,5,1,50,1,1,19,1,1,3,4,2,2,0,0.5455,0.4545,0
1,20,228,H01_0020_03,177,10,3,7,1,tempo_real,0,0.0,0.0,0,1,4,1,2,5,1,0.42,2,4,2,2,0,0.3,0.7,0
1,20,228,H01_0020_04,78,12,3,9,3,misto,1,0.32,2.61,3,2,99,1,2,46,0,1,4,4,2,2,0,0.25,0.75,1
1,21,363,H01_0021_01,57,26,3,23,3,cpu_bound,0,0.0,0.0,0,3,37,1,2,5,0,0.9891,8,5,1,1,3,0.1154,0.8846,0
1,21,363,H01_0021_02,128,25,15,10,5,batch,1,0.35,3.05,6,3,122,1,9,24,0,1,8,5,1,1,3,0.6,0.4,0
1,21,363,H01_0021_03,322,5,4,1,2,tempo_real,0,0.0,0.0,0,1,28,1,2,21,1,0.8109,2,5,1,1,3,0.8,0.2,1
1,21,363,H01_0021_04,267,31,22,9,5,cpu_bound,0,0.0,0.0,0,3,54,1,12,4,0,1,8,5,1,1,3,0.7097,0.2903,0
1,21,363,H01_0021_05,309,30,27,3,3,misto,1,0.33,2.33,5,2,0,1,9,3,0,0.1364,4,5,1,1,3,0.9,0.1,0
1,22,104,H01_0022_01,25,57,49,8,4,batch,1,0.33,3.32,6,3,1,1,4,6,0,0.1091,8,8,1,3,4,0.8596,0.1404,0
1,22,104,H01_0022_02,48,20,17,3,4,misto,0,0.0,0.0,0,2,0,1,8,1,0,0.0909,4,8,1,3,4,0.85,0.15,0
1,22,104,H01_0022_03,57,7,1,6,3,io_bound,1,0.78,4.27,6,2,39,1,1,1,0,0.8455,4,8,1,3,4,0.1429,0.8571,0
1,22,104,H01_0022_04,3,19,3,16,2,io_bound,1,0.68,3.19,10,2,24,1,3,17,0,0.6182,4,8,1,3,4,0.1579,0.8421,0
1,22,104,H01_0022_05,6,34,31,3,4,cpu_bound,0,0.0,0.0,0,3,37,1,6,37,0,0.9436,8,8,1,3,4,0.9118,0.0882,0
1,22,104,H01_0022_06,10,34,11,23,5,batch,0,0.0,0.0,0,3,65,1,8,13,0,1,8,8,1,3,4,0.3235,0.6765,0
1,22,104,H01_0022_07,98,46,26,20,4,cpu_bound,0,0.0,0.0,0,3,4,1,4,7,0,0.1636,8,8,1,3,4,0.5652,0.4348,0
1,22,104,H01_0022_08,40,6,0,6,2,tempo_real,0,0.0,0.0,0,1,25,0,0,0,1,0.7564,2,8,1,3,4,0.0,1.0,1
1,23,398,H01_0023_01,140,42,7,35,4,cpu_bound,0,0.0,0.0,0,3,101,1,2,85,0,1,8,9,4,2,3,0.1667,0.8333,0
1,23,398,H01_0023_02,262,15,13,2,2,interativo,0,0.0,0.0,0,1,70,1,5,8,1,1,3,9,4,2,3,0.8667,0.1333,0
1,23,398,H01_0023_03,311,5,4,1,1,interativo,1,0.58,2.3,2,1,78,1,1,55,1,1,3,9,4,2,3,0.8,0.2,1
1,23,398,H01_0023_04,169,20,2,18,3,io_bound,1,0.69,4.34,8,2,154,1,1,53,0,1,4,9,4,2,3,0.1,0.9,0
1,23,398,H01_0023_05,96,6,3,3,1,tempo_real,0,0.0,0.0,0,1,34,1,1,32,1,0.9655,2,9,4,2,3,0.5,0.5,0
1,23,398,H01_0023_06,383,47,30,17,5,batch,0,0.0,0.0,0,3,1,1,4,4,0,0.0636,8,9,4,2,3,0.6383,0.3617,0
1,23,398,H01_0023_07,124,5,1,4,1,tempo_real,1,0.11,0.12,2,1,64,1,1,58,1,1,2,9,4,2,3,0.2,0.8,0
1,23,398,H01_0023_08,144,19,7,12,2,io_bound,1,0.89,2.66,5,2,22,1,2,26,0,0.5818,4,9,4,2,3,0.3684,0.6316,0
1,23,398,H01_0023_09,277,55,36,19,4,cpu_bound,0,0.0,0.0,0,3,83,1,9,61,0,1,8,9,4,2,3,0.6545,0.3455,0
1,24,25,H01_0024_01,15,28,1,27,5,batch,1,0.35,3.14,12,3,1,1,1,0,0,0.0636,8,8,4,1,3,0.0357,0.9643,0
1,24,25,H01_0024_02,18,48,33,15,5,batch,0,0.0,0.0,0,3,3,1,4,2,0,0.1,8,8,4,1,3,0.6875,0.3125,0
1,24,25,H01_0024_03,9,24,4,20,5,cpu_bound,0,0.0,0.0,0,3,8,1,1,1,0,0.1909,8,8,4,1,3,0.1667,0.8333,0
1,24,25,H01_0024_04,4,13,5,8,1,interativo,0,0.0,0.0,0,1,17,1,3,14,1,0.6564,3,8,4,1,3,0.3846,0.6154,0
1,24,25,H01_0024_05,0,14,9,5,2,interativo,1,0.35,1.33,6,1,25,1,1,4,1,0.7564,3,8,4,1,3,0.6429,0.3571,0
1,24,25,H01_0024_06,23,4,2,2,1,tempo_real,0,0.0,0.0,0,1,0,1,1,5,1,0.3473,2,8,4,1,3,0.5,0.5,0
1,24,25,H01_0024_07,2,12,11,1,4,misto,0,0.0,0.0,0,2,23,1,4,18,0,0.5091,4,8,4,1,3,0.9167,0.0833,0
1,24,25,H01_0024_08,24,7,6,1,2,tempo_real,0,0.0,0.0,0,1,1,1,4,6,1,0.32,2,8,4,1,3,0.8571,0.1429,1
1,25,194,H01_0025_01,74,18,17,1,4,io_bound,1,0.82,4.6,12,2,49,1,3,7,0,0.9818,4,8,3,3,2,0.9444,0.0556,0
1,25,194,H01_0025_02,144,6,3,3,1,tempo_real,0,0.0,0.0,0,1,40,1,2,25,1,1,2,8,3,3,2,0.5,0.5,0
1,25,194,H01_0025_03,20,14,8,6,4,misto,1,0.5,1.83,5,2,159,1,8,20,0,1,4,8,3,3,2,0.5714,0.4286,1
1,25,194,H01_0025_04,123,11,4,7,3,interativo,1,0.55,1.23,2,1,25,1,4,11,1,0.7109,3,8,3,3,2,0.3636,0.6364,0
1,25,194,H01_0025_05,56,38,10,28,4,cpu_bound,0,0.0,0.0,0,3,99,1,2,21,0,1,8,8,3,3,2,0.2632,0.7368,0
1,25,194,H01_0025_06,176,56,50,6,4,batch,1,0.42,3.32,12,3,13,1,6,0,0,0.3273,8,8,3,3,2,0.8929,0.1071,0
1,25,194,H01_0025_07,36,18,1,17,2,io_bound,1,0.57,3.54,12,2,10,1,1,15,0,0.3636,4,8,3,3,2,0.0556,0.9444,0
1,25,194,H01_0025_08,63,6,4,2,2,tempo_real,1,0.1,0.74,1,1,26,1,2,9,1,0.7745,2,8,3,3,2,0.6667,0.3333,0
2,26,271,H02_0026_01,266,13,11,2,2,io_bound,1,0.81,5.72,9,2,3,1,6,2,0,0.2364,4,7,1,6,0,0.8462,0.1538,0
2,26,271,H02_0026_02,127,8,3,5,2,io_bound,1,0.9,3.54,12,2,14,1,1,17,0,0.4364,4,7,1,6,0,0.375,0.625,0
2,26,271,H02_0026_03,65,13,8,5,3,misto,0,0.0,0.0,0,2,161,1,8,41,0,1,4,7,1,6,0,0.6154,0.3846,1
2,26,271,H02_0026_04,9,26,22,4,3,misto,1,0.63,3.42,4,2,35,1,4,23,0,0.7727,4,7,1,6,0,0.8462,0.1538,0
2,26,271,H02_0026_05,65,13,5,8,3,io_bound,1,0.67,2.62,6,2,126,1,2,18,0,1,4,7,1,6,0,0.3846,0.6154,0
2,26,271,H02_0026_06,93,10,8,2,3,misto,1,0.54,1.74,4,2,75,1,2,34,0,1,4,7,1,6,0,0.8,0.2,0
2,26,271,H02_0026_07,1,16,8,8,2,interativo,0,0.0,0.0,0,1,11,1,6,6,1,0.5018,3,7,1,6,0,0.5,0.5,0
2,27,6,H02_0027_01,3,22,11,11,5,batch,1,0.25,1.58,12,3,2,1,2,5,0,0.0818,8,8,1,2,5,0.5,0.5,0
2,27,6,H02_0027_02,1,15,3,12,2,interativo,0,0.0,0.0,0,1,3,1,3,4,1,0.3564,3,8,1,2,5,0.2,0.8,1
2,27,6,H02_0027_03,4,44,20,24,5,batch,1,0.36,3.17,8,3,2,1,2,2,0,0.0818,8,8,1,2,5,0.4545,0.5455,0
2,27,6,H02_0027_04,3,18,12,6,3,io_bound,1,0.82,4.41,9,2,3,1,5,7,0,0.1909,4,8,1,2,5,0.6667,0.3333,0
2,27,6,H02_0027_05,3,32,16,16,5,batch,1,0.28,1.63,7,3,1,1,7,3,0,0.0636,8,8,1,2,5,0.5,0.5,0
2,27,6,H02_0027_06,0,50,49,1,5,batch,1,0.29,2.56,10,3,1,1,4,6,0,0.0636,8,8,1,2,5,0.98,0.02,0
2,27,6,H02_0027_07,4,8,0,8,3,io_bound,1,0.63,5.59,9,2,2,0,0,0,0,0.1727,4,8,1,2,5,0.0,1.0,0
2,27,6,H02_0027_08,5,41,17,24,4,cpu_bound,0,0.0,0.0,0,3,0,1,7,4,0,0.0909,8,8,1,2,5,0.4146,0.5854,0
2,28,145,H02_0028_01,76,10,1,9,2,interativo,1,0.32,2.38,4,1,4,1,1,2,1,0.3745,3,3,2,1,0,0.1,0.9,0
2,28,145,H02_0028_02,2,7,4,3,3,interativo,0,0.0,0.0,0,1,8,1,3,6,1,0.4018,3,3,2,1,0,0.5714,0.4286,0
2,28,145,H02_0028_03,48,10,3,7,3,io_bound,1,0.68,3.86,9,2,43,1,2,19,0,0.9182,4,3,2,1,0,0.3,0.7,1
2,29,76,H02_0029_01,32,21,9,12,5,batch,0,0.0,0.0,0,3,9,1,7,12,0,0.2091,8,4,0,2,2,0.4286,0.5714,0
2,29,76,H02_0029_02,65,20,4,16,3,io_bound,1,0.73,5.41,4,2,8,1,3,2,0,0.2818,4,4,0,2,2,0.2,0.8,0
2,29,76,H02_0029_03,46,16,12,4,3,io_bound,1,0.76,5.54,12,2,8,1,3,11,0,0.2818,4,4,0,2,2,0.75,0.25,1
2,29,76,H02_0029_04,60,41,31,10,4,cpu_bound,1,0.25,0.33,6,3,2,1,6,6,0,0.1273,8,4,0,2,2,0.7561,0.2439,0
2,30,421,H02_0030_01,323,19,4,15,3,io_bound,1,0.76,4.45,7,2,53,1,2,25,0,1,4,9,5,4,0,0.2105,0.7895,0
2,30,421,H02_0030_02,328,10,3,7,2,tempo_real,0,0.0,0.0,0,1,16,1,3,12,1,0.5927,2,9,5,4,0,0.3,0.7,0
2,30,421,H02_0030_03,363,9,2,7,2,interativo,0,0.0,0.0,0,1,37,1,2,14,1,0.9745,3,9,5,4,0,0.2222,0.7778,0
2,30,421,H02_0030_04,231,11,2,9,2,interativo,1,0.42,1.43,6,1,119,1,2,91,1,1,3,9,5,4,0,0.1818,0.8182,0
2,30,421,H02_0030_05,401,13,5,8,4,io_bound,1,0.56,5.1,7,2,9,1,1,6,0,0.2545,4,9,5,4,0,0.3846,0.6154,0
2,30,421,H02_0030_06,325,16,10,6,3,io_bound,1,0.68,4.83,10,2,50,1,6,7,0,1,4,9,5,4,0,0.625,0.375,0
2,30,421,H02_0030_07,74,7,5,2,1,tempo_real,0,0.0,0.0,0,1,136,1,1,62,1,1,2,9,5,4,0,0.7143,0.2857,0
2,30,421,H02_0030_08,97,8,5,3,3,interativo,1,0.47,2.88,2,1,315,1,2,249,1,1,3,9,5,4,0,0.625,0.375,1
2,30,421,H02_0030_09,221,28,14,14,2,misto,1,0.5,3.05,9,2,170,1,10,149,0,1,4,9,5,4,0,0.5,0.5,0
2,31,234,H02_0031_01,91,29,10,19,4,cpu_bound,0,0.0,0.0,0,3,21,1,4,5,0,0.4727,8,8,2,2,4,0.3448,0.6552,0
2,31,234,H02_0031_02,232,39,8,31,5,batch,0,0.0,0.0,0,3,0,1,3,5,0,0.0455,8,8,2,2,4,0.2051,0.7949,0
2,31,234,H02_0031_03,126,23,7,16,3,cpu_bound,1,0.17,0.34,6,3,17,1,2,15,0,0.4455,8,8,2,2,4,0.3043,0.6957,0
2,31,234,H02_0031_04,52,15,9,6,3,io_bound,1,0.66,4.37,6,2,6,1,2,5,0,0.2455,4,8,2,2,4,0.6,0.4,0
2,31,234,H02_0031_05,11,41,6,35,4,cpu_bound,1,0.17,0.79,5,3,168,1,3,162,0,1,8,8,2,2,4,0.1463,0.8537,0
2,31,234,H02_0031_06,78,5,1,4,1,interativo,1,0.28,2.19,4,1,136,1,1,105,1,1,3,8,2,2,4,0.2,0.8,1
2,31,234,H02_0031_07,96,8,2,6,3,io_bound,1,0.59,2.73,10,2,16,1,2,14,0,0.4273,4,8,2,2,4,0.25,0.75,0
2,31,234,H02_0031_08,162,10,6,4,1,tempo_real,0,0.0,0.0,0,1,16,1,1,3,1,0.6382,2,8,2,2,4,0.6,0.4,0
2,32,404,H02_0032_01,398,6,4,2,1,tempo_real,1,0.07,0.33,4,1,3,1,4,6,1,0.4018,2,5,1,1,3,0.6667,0.3333,0
2,32,404,H02_0032_02,190,22,12,10,5,batch,1,0.47,3.18,8,3,138,1,4,16,0,1,8,5,1,1,3,0.5455,0.4545,0
2,32,404,H02_0032_03,69,46,30,16,4,cpu_bound,0,0.0,0.0,0,3,250,1,6,194,0,1,8,5,1,1,3,0.6522,0.3478,1
2,32,404,H02_0032_04,361,28,27,1,5,batch,0,0.0,0.0,0,3,25,1,2,23,0,0.5,8,5,1,1,3,0.9643,0.0357,0
2,32,404,H02_0032_05,247,18,4,14,4,io_bound,1,0.83,3.93,9,2,124,1,3,94,0,1,4,5,1,1,3,0.2222,0.7778,0
2,33,211,H02_0033_01,36,51,22,29,5,cpu_bound,0,0.0,0.0,0,3,14,1,3,1,0,0.3,8,4,1,2,1,0.4314,0.5686,0
2,33,211,H02_0033_02,63,27,18,9,4,misto,1,0.63,3.05,6,2,127,1,4,77,0,1,4,4,1,2,1,0.6667,0.3333,1
2,33,211,H02_0033_03,164,11,9,2,3,io_bound,1,0.55,3.49,10,2,13,1,4,12,0,0.3727,4,4,1,2,1,0.8182,0.1818,0
2,33,211,H02_0033_04,115,13,1,12,1,interativo,1,0.49,2.43,3,1,49,1,1,36,1,1,3,4,1,2,1,0.0769,0.9231,0
2,34,217,H02_0034_01,174,15,2,13,3,io_bound,1,0.81,4.28,11,2,21,1,1,0,0,0.5182,4,5,1,4,0,0.1333,0.8667,0
2,34,217,H02_0034_02,197,21,3,18,3,misto,1,0.6,2.51,9,2,0,1,1,1,0,0.1364,4,5,1,4,0,0.1429,0.8571,0
2,34,217,H02_0034_03,6,8,5,3,3,io_bound,1,0.55,2.58,7,2,109,1,5,96,0,1,4,5,1,4,0,0.625,0.375,1
2,34,217,H02_0034_04,181,20,2,18,3,io_bound,1,0.79,5.52,7,2,23,1,1,20,0,0.5545,4,5,1,4,0,0.1,0.9,0
2,34,217,H02_0034_05,87,5,2,3,1,interativo,1,0.34,1.43,6,1,47,1,1,7,1,1,3,5,1,4,0,0.4,0.6,0
2,35,70,H02_0035_01,61,7,1,6,1,tempo_real,1,0.16,0.15,4,1,8,1,1,1,1,0.4927,2,7,3,2,2,0.1429,0.8571,0
2,35,70,H02_0035_02,17,15,7,8,1,interativo,1,0.41,1.76,2,1,9,1,7,10,1,0.5109,3,7,3,2,2,0.4667,0.5333,0
2,35,70,H02_0035_03,47,9,6,3,3,io_bound,1,0.82,5.64,4,2,18,1,4,18,0,0.4636,4,7,3,2,2,0.6667,0.3333,0
2,35,70,H02_0035_04,22,10,2,8,1,tempo_real,1,0.13,0.75,2,1,45,1,2,20,1,1,2,7,3,2,2,0.2,0.8,1
2,35,70,H02_0035_05,7,24,6,18,4,cpu_bound,0,0.0,0.0,0,3,32,1,4,14,0,0.8527,8,7,3,2,2,0.25,0.75,0
2,35,70,H02_0035_06,45,57,8,49,3,cpu_bound,0,0.0,0.0,0,3,19,1,6,2,0,0.4818,8,7,3,2,2,0.1404,0.8596,0
2,35,70,H02_0035_07,16,7,6,1,4,io_bound,1,0.83,4.53,7,2,17,1,6,10,0,0.4,4,7,3,2,2,0.8571,0.1429,0
2,36,224,H02_0036_01,107,56,0,56,4,batch,0,0.0,0.0,0,3,55,0,0,0,0,1,8,6,0,2,4,0.0,1.0,0
2,36,224,H02_0036_02,1,26,4,22,3,cpu_bound,0,0.0,0.0,0,3,193,1,2,13,0,1,8,6,0,2,4,0.1538,0.8462,1
2,36,224,H02_0036_03,152,43,18,25,5,cpu_bound,0,0.0,0.0,0,3,68,1,9,19,0,1,8,6,0,2,4,0.4186,0.5814,0
2,36,224,H02_0036_04,72,23,21,2,3,misto,0,0.0,0.0,0,2,26,1,1,4,0,0.6091,4,6,0,2,4,0.913,0.087,0
2,36,224,H02_0036_05,210,24,12,12,2,misto,1,0.7,2.04,6,2,2,1,10,6,0,0.2182,4,6,0,2,4,0.5,0.5,0
2,36,224,H02_0036_06,105,62,25,37,3,cpu_bound,0,0.0,0.0,0,3,117,1,9,101,0,1,8,6,0,2,4,0.4032,0.5968,0
2,37,420,H02_0037_01,347,6,0,6,2,tempo_real,0,0.0,0.0,0,1,59,0,0,0,1,1,2,5,1,3,1,0.0,1.0,0
2,37,420,H02_0037_02,121,18,12,6,2,io_bound,1,0.9,3.39,4,2,105,1,11,35,0,1,4,5,1,3,1,0.6667,0.3333,0
2,37,420,H02_0037_03,164,14,6,8,3,misto,1,0.44,2.17,4,2,167,1,3,109,0,1,4,5,1,3,1,0.4286,0.5714,1
2,37,420,H02_0037_04,277,11,0,11,2,misto,1,0.35,2.3,5,2,33,0,0,0,0,0.7818,4,5,1,3,1,0.0,1.0,0
2,37,420,H02_0037_05,417,21,8,13,5,batch,1,0.53,1.42,6,3,1,1,8,0,0,0.0636,8,5,1,3,1,0.381,0.619,0
2,38,8,H02_0038_01,3,7,0,7,3,io_bound,1,0.69,3.42,11,2,4,0,0,0,0,0.2091,4,8,2,4,2,0.0,1.0,0
2,38,8,H02_0038_02,2,14,8,6,2,interativo,0,0.0,0.0,0,1,0,1,4,0,1,0.3018,3,8,2,4,2,0.5714,0.4286,0
2,38,8,H02_0038_03,3,30,24,6,3,misto,1,0.34,1.78,3,2,4,1,8,0,0,0.2091,4,8,2,4,2,0.8,0.2,0
2,38,8,H02_0038_04,1,10,1,9,2,interativo,0,0.0,0.0,0,1,4,1,1,4,1,0.3745,3,8,2,4,2,0.1,0.9,1
2,38,8,H02_0038_05,1,9,6,3,3,io_bound,1,0.71,5.01,10,2,6,1,5,4,0,0.2455,4,8,2,4,2,0.6667,0.3333,0
2,38,8,H02_0038_06,6,54,8,46,4,cpu_bound,0,0.0,0.0,0,3,2,1,3,2,0,0.1273,8,8,2,4,2,0.1481,0.8519,0
2,38,8,H02_0038_07,3,59,53,6,5,batch,0,0.0,0.0,0,3,0,1,2,0,0,0.0455,8,8,2,4,2,0.8983,0.1017,0
2,38,8,H02_0038_08,2,25,6,19,3,misto,1,0.55,2.52,9,2,5,1,5,3,0,0.2273,4,8,2,4,2,0.24,0.76,0
2,39,60,H02_0039_01,39,39,36,3,5,batch,0,0.0,0.0,0,3,6,1,4,1,0,0.1545,8,3,1,1,1,0.9231,0.0769,0
2,39,60,H02_0039_02,1,10,3,7,4,misto,1,0.69,2.7,9,2,22,1,1,27,0,0.4909,4,3,1,1,1,0.3,0.7,0
2,39,60,H02_0039_03,30,6,3,3,1,tempo_real,0,0.0,0.0,0,1,29,1,3,1,1,0.8745,2,3,1,1,1,0.5,0.5,1
2,40,19,H02_0040_01,15,3,2,1,1,tempo_real,0,0.0,0.0,0,1,0,1,2,3,1,0.3473,2,7,4,2,1,0.6667,0.3333,1
2,40,19,H02_0040_02,15,14,5,9,2,interativo,1,0.45,1.93,3,1,4,1,3,6,1,0.3745,3,7,4,2,1,0.3571,0.6429,0
2,40,19,H02_0040_03,13,36,4,32,5,batch,0,0.0,0.0,0,3,0,1,1,3,0,0.0455,8,7,4,2,1,0.1111,0.8889,0
2,40,19,H02_0040_04,13,24,4,20,3,misto,1,0.44,3.57,9,2,4,1,2,3,0,0.2091,4,7,4,2,1,0.1667,0.8333,0
2,40,19,H02_0040_05,18,7,5,2,3,io_bound,1,0.89,4.91,10,2,1,1,4,2,0,0.1545,4,7,4,2,1,0.7143,0.2857,0
2,40,19,H02_0040_06,3,7,2,5,1,tempo_real,0,0.0,0.0,0,1,7,1,2,9,1,0.4745,2,7,4,2,1,0.2857,0.7143,0
2,40,19,H02_0040_07,2,12,8,4,2,interativo,1,0.54,2.22,6,1,13,1,7,16,1,0.5382,3,7,4,2,1,0.6667,0.3333,0
2,41,400,H02_0041_01,37,7,6,1,1,tempo_real,1,0.13,0.38,4,1,165,1,5,86,1,1,2,3,1,0,2,0.8571,0.1429,1
2,41,400,H02_0041_02,318,33,30,3,4,batch,0,0.0,0.0,0,3,59,1,3,32,0,1,8,3,1,0,2,0.9091,0.0909,0
2,41,400,H02_0041_03,145,45,32,13,5,batch,1,0.22,2.25,11,3,70,1,6,34,0,1,8,3,1,0,2,0.7111,0.2889,0
2,42,164,H02_0042_01,113,30,6,24,4,batch,1,0.32,1.28,7,3,36,1,6,7,0,0.9255,8,9,4,3,2,0.2,0.8,0
2,42,164,H02_0042_02,0,10,2,8,3,interativo,1,0.29,1.84,6,1,120,1,1,94,1,1,3,9,4,3,2,0.2,0.8,1
2,42,164,H02_0042_03,25,14,13,1,3,io_bound,1,0.56,3.21,7,2,19,1,2,3,0,0.4818,4,9,4,3,2,0.9286,0.0714,0
2,42,164,H02_0042_04,116,8,2,6,4,io_bound,1,0.77,3.73,7,2,0,1,1,4,0,0.0909,4,9,4,3,2,0.25,0.75,0
2,42,164,H02_0042_05,159,15,4,11,3,io_bound,1,0.73,5.98,4,2,1,1,1,1,0,0.1545,4,9,4,3,2,0.2667,0.7333,0
2,42,164,H02_0042_06,17,22,19,3,5,batch,0,0.0,0.0,0,3,15,1,2,15,0,0.3182,8,9,4,3,2,0.8636,0.1364,0
2,42,164,H02_0042_07,84,9,1,8,1,tempo_real,0,0.0,0.0,0,1,49,1,1,12,1,1,2,9,4,3,2,0.1111,0.8889,0
2,42,164,H02_0042_08,51,3,0,3,2,tempo_real,0,0.0,0.0,0,1,54,0,0,0,1,1,2,9,4,3,2,0.0,1.0,0
2,42,164,H02_0042_09,82,7,0,7,2,interativo,1,0.6,1.55,5,1,75,0,0,0,1,1,3,9,4,3,2,0.0,1.0,0
2,43,299,H02_0043_01,152,20,19,1,4,io_bound,1,0.6,3.52,12,2,146,1,11,106,0,1,4,5,0,2,3,0.95,0.05,1
2,43,299,H02_0043_02,166,30,17,13,5,batch,0,0.0,0.0,0,3,65,1,10,51,0,1,8,5,0,2,3,0.5667,0.4333,0
2,43,299,H02_0043_03,106,37,18,19,4,cpu_bound,0,0.0,0.0,0,3,182,1,1,62,0,1,8,5,0,2,3,0.4865,0.5135,0
2,43,299,H02_0043_04,211,28,1,27,5,batch,0,0.0,0.0,0,3,39,1,1,40,0,0.9345,8,5,0,2,3,0.0357,0.9643,0
2,43,299,H02_0043_05,299,28,14,14,3,misto,1,0.5,1.75,7,2,0,1,3,1,0,0.1364,4,5,0,2,3,0.5,0.5,0
2,44,253,H02_0044_01,247,16,3,13,2,interativo,1,0.36,2.57,5,1,6,1,3,5,1,0.4109,3,8,3,1,4,0.1875,0.8125,0
2,44,253,H02_0044_02,20,61,25,36,4,cpu_bound,1,0.15,0.84,6,3,71,1,9,50,0,1,8,8,3,1,4,0.4098,0.5902,0
2,44,253,H02_0044_03,4,60,43,17,4,cpu_bound,0,0.0,0.0,0,3,56,1,12,22,0,1,8,8,3,1,4,0.7167,0.2833,0
2,44,253,H02_0044_04,194,24,23,1,4,cpu_bound,0,0.0,0.0,0,3,1,1,6,4,0,0.1091,8,8,3,1,4,0.9583,0.0417,0
2,44,253,H02_0044_05,246,64,47,17,4,cpu_bound,0,0.0,0.0,0,3,4,1,10,5,0,0.1636,8,8,3,1,4,0.7344,0.2656,0
2,44,253,H02_0044_06,199,8,4,4,3,io_bound,1,0.71,4.66,5,2,21,1,2,13,0,0.5182,4,8,3,1,4,0.5,0.5,0
2,44,253,H02_0044_07,200,6,2,4,2,interativo,1,0.45,2.39,5,1,25,1,1,1,1,0.7564,3,8,3,1,4,0.3333,0.6667,0
2,44,253,H02_0044_08,88,10,7,3,1,interativo,1,0.59,2.1,3,1,61,1,1,34,1,1,3,8,3,1,4,0.7,0.3,1
2,45,282,H02_0045_01,103,25,3,22,4,misto,1,0.46,3.45,4,2,88,1,3,85,0,1,4,7,3,3,1,0.12,0.88,0
2,45,282,H02_0045_02,39,58,41,17,5,cpu_bound,0,0.0,0.0,0,3,237,1,9,72,0,1,8,7,3,3,1,0.7069,0.2931,0
2,45,282,H02_0045_03,234,8,7,1,1,interativo,1,0.64,1.27,6,1,16,1,6,9,1,0.6382,3,7,3,3,1,0.875,0.125,0
2,45,282,H02_0045_04,278,14,7,7,2,interativo,0,0.0,0.0,0,1,3,1,1,8,1,0.3564,3,7,3,3,1,0.5,0.5,0
2,45,282,H02_0045_05,34,21,5,16,2,misto,1,0.33,2.08,6,2,227,1,2,116,0,1,4,7,3,3,1,0.2381,0.7619,1
2,45,282,H02_0045_06,215,19,9,10,4,io_bound,1,0.9,5.61,5,2,50,1,2,52,0,1,4,7,3,3,1,0.4737,0.5263,0
2,45,282,H02_0045_07,44,3,0,3,1,tempo_real,1,0.15,0.42,2,1,74,0,0,0,1,1,2,7,3,3,1,0.0,1.0,0
2,46,13,H02_0046_01,4,14,2,12,2,interativo,1,0.41,1.96,4,1,7,1,2,2,1,0.4291,3,5,2,1,2,0.1429,0.8571,0
2,46,13,H02_0046_02,3,53,33,20,4,cpu_bound,1,0.08,0.97,4,3,1,1,8,2,0,0.1091,8,5,2,1,2,0.6226,0.3774,0
2,46,13,H02_0046_03,3,8,3,5,3,io_bound,1,0.61,4.86,12,2,0,1,3,4,0,0.1364,4,5,2,1,2,0.375,0.625,0
2,46,13,H02_0046_04,6,9,8,1,2,interativo,0,0.0,0.0,0,1,2,1,4,5,1,0.3382,3,5,2,1,2,0.8889,0.1111,1
2,46,13,H02_0046_05,6,49,33,16,3,cpu_bound,0,0.0,0.0,0,3,4,1,11,5,0,0.2091,8,5,2,1,2,0.6735,0.3265,0
2,47,207,H02_0047_01,68,16,6,10,2,io_bound,1,0.87,4.22,6,2,94,1,4,20,0,1,4,5,0,3,2,0.375,0.625,1
2,47,207,H02_0047_02,165,18,9,9,3,io_bound,1,0.69,2.52,4,2,26,1,9,18,0,0.6091,4,5,0,3,2,0.5,0.5,0
2,47,207,H02_0047_03,117,15,12,3,3,io_bound,1,0.69,3.69,10,2,44,1,4,49,0,0.9364,4,5,0,3,2,0.8,0.2,0
2,47,207,H02_0047_04,190,32,0,32,3,cpu_bound,0,0.0,0.0,0,3,10,0,0,0,0,0.3182,8,5,0,3,2,0.0,1.0,0
2,47,207,H02_0047_05,162,33,28,5,4,batch,1,0.27,1.65,12,3,37,1,9,33,0,0.9436,8,5,0,3,2,0.8485,0.1515,0
2,48,206,H02_0048_01,206,16,4,12,3,interativo,1,0.46,2.87,3,1,0,1,1,0,1,0.2564,3,9,5,1,3,0.25,0.75,0
2,48,206,H02_0048_02,202,20,1,19,5,batch,0,0.0,0.0,0,3,3,1,1,3,0,0.1,8,9,5,1,3,0.05,0.95,0
2,48,206,H02_0048_03,200,54,37,17,3,cpu_bound,0,0.0,0.0,0,3,5,1,11,4,0,0.2273,8,9,5,1,3,0.6852,0.3148,0
2,48,206,H02_0048_04,9,29,22,7,4,misto,1,0.53,1.91,7,2,62,1,1,14,0,1,4,9,5,1,3,0.7586,0.2414,0
2,48,206,H02_0048_05,44,13,0,13,3,interativo,1,0.41,1.9,3,1,49,0,0,0,1,1,3,9,5,1,3,0.0,1.0,0
2,48,206,H02_0048_06,138,3,0,3,1,tempo_real,0,0.0,0.0,0,1,3,0,0,0,1,0.4018,2,9,5,1,3,0.0,1.0,0
2,48,206,H02_0048_07,28,57,52,5,4,cpu_bound,0,0.0,0.0,0,3,152,1,1,54,0,1,8,9,5,1,3,0.9123,0.0877,0
2,48,206,H02_0048_08,86,14,11,3,1,interativo,1,0.32,1.26,2,1,84,1,4,61,1,1,3,9,5,1,3,0.7857,0.2143,1
2,48,206,H02_0048_09,92,14,6,8,2,interativo,1,0.26,2.3,2,1,64,1,4,8,1,1,3,9,5,1,3,0.4286,0.5714,0
2,49,123,H02_0049_01,29,6,1,5,2,interativo,0,0.0,0.0,0,1,19,1,1,11,1,0.6473,3,8,4,2,2,0.1667,0.8333,0
2,49,123,H02_0049_02,80,30,11,19,2,misto,1,0.51,2.85,6,2,29,1,8,21,0,0.7091,4,8,4,2,2,0.3667,0.6333,0
2,49,123,H02_0049_03,70,57,54,3,4,cpu_bound,0,0.0,0.0,0,3,18,1,2,9,0,0.4182,8,8,4,2,2,0.9474,0.0526,0
2,49,123,H02_0049_04,79,27,8,19,3,misto,1,0.34,2.76,3,2,6,1,8,1,0,0.2455,4,8,4,2,2,0.2963,0.7037,0
2,49,123,H02_0049_05,114,5,1,4,1,interativo,0,0.0,0.0,0,1,6,1,1,9,1,0.4564,3,8,4,2,2,0.2,0.8,0
2,49,123,H02_0049_06,51,40,27,13,5,cpu_bound,0,0.0,0.0,0,3,61,1,3,11,0,1,8,8,4,2,2,0.675,0.325,0
2,49,123,H02_0049_07,63,9,2,7,1,tempo_real,0,0.0,0.0,0,1,17,1,2,15,1,0.6564,2,8,4,2,2,0.2222,0.7778,0
2,49,123,H02_0049_08,31,9,2,7,1,tempo_real,0,0.0,0.0,0,1,81,1,2,58,1,1,2,8,4,2,2,0.2222,0.7778,1
2,50,188,H02_0050_01,44,11,2,9,2,io_bound,1,0.9,3.38,7,2,12,1,1,17,0,0.4,4,3,0,3,0,0.1818,0.8182,0
2,50,188,H02_0050_02,118,12,5,7,2,io_bound,1,0.86,5.38,11,2,51,1,2,7,0,1,4,3,0,3,0,0.4167,0.5833,1
2,50,188,H02_0050_03,166,6,3,3,3,io_bound,1,0.57,4.13,8,2,22,1,1,15,0,0.5364,4,3,0,3,0,0.5,0.5,0
3,51,69,H03_0051_01,19,8,1,7,3,io_bound,1,0.69,2.66,4,2,41,1,1,46,0,0.8818,4,3,1,2,0,0.125,0.875,0
3,51,69,H03_0051_02,21,8,1,7,2,io_bound,1,0.61,5.32,8,2,6,1,1,2,0,0.2909,4,3,1,2,0,0.125,0.875,0
3,51,69,H03_0051_03,45,12,9,3,1,interativo,0,0.0,0.0,0,1,12,1,9,17,1,0.5655,3,3,1,2,0,0.75,0.25,1
3,52,258,H03_0052_01,75,33,32,1,5,batch,0,0.0,0.0,0,3,140,1,7,73,0,1,8,3,1,1,1,0.9697,0.0303,1
3,52,258,H03_0052_02,45,15,0,15,3,io_bound,1,0.74,5.51,6,2,15,0,0,0,0,0.4091,4,3,1,1,1,0.0,1.0,0
3,52,258,H03_0052_03,181,7,1,6,3,interativo,1,0.53,2.71,5,1,26,1,1,4,1,0.7291,3,3,1,1,1,0.1429,0.8571,0
3,53,404,H03_0053_01,289,9,3,6,1,tempo_real,1,0.2,0.33,2,1,62,1,3,2,1,1,2,6,3,3,0,0.3333,0.6667,0
3,53,404,H03_0053_02,314,5,3,2,1,tempo_real,0,0.0,0.0,0,1,21,1,3,3,1,0.7291,2,6,3,3,0,0.6,0.4,0
3,53,404,H03_0053_03,80,27,9,18,2,misto,1,0.31,2.56,8,2,135,1,3,102,0,1,4,6,3,3,0,0.3333,0.6667,0
3,53,404,H03_0053_04,284,4,2,2,1,tempo_real,0,0.0,0.0,0,1,16,1,2,10,1,0.6382,2,6,3,3,0,0.5,0.5,0
3,53,404,H03_0053_05,118,18,6,12,2,misto,1,0.38,3.11,6,2,244,1,1,107,0,1,4,6,3,3,0,0.3333,0.6667,1
3,53,404,H03_0053_06,168,15,9,6,2,io_bound,1,0.6,3.89,5,2,2,1,8,7,0,0.2182,4,6,3,3,0,0.6,0.4,0
3,54,95,H03_0054_01,6,3,0,3,1,tempo_real,0,0.0,0.0,0,1,2,0,0,0,1,0.3836,2,4,2,1,1,0.0,1.0,1
3,54,95,H03_0054_02,81,14,8,6,2,interativo,0,0.0,0.0,0,1,13,1,8,8,1,0.5382,3,4,2,1,1,0.5714,0.4286,0
3,54,95,H03_0054_03,0,35,20,15,5,batch,1,0.46,3.37,6,3,49,1,8,8,0,1,8,4,2,1,1,0.5714,0.4286,0
3,54,95,H03_0054_04,82,8,1,7,3,io_bound,1,0.68,2.99,9,2,10,1,1,13,0,0.3182,4,4,2,1,1,0.125,0.875,0
3,55,3,H03_0055_01,2,23,5,18,3,misto,1,0.56,3.31,6,2,1,1,1,0,0,0.1545,4,4,1,3,0,0.2174,0.7826,0
3,55,3,H03_0055_02,0,16,12,4,3,io_bound,1,0.85,4.11,5,2,0,1,3,5,0,0.1364,4,4,1,3,0,0.75,0.25,0
3,55,3,H03_0055_03,1,12,6,6,4,misto,1,0.31,3.47,4,2,1,1,4,3,0,0.1091,4,4,1,3,0,0.5,0.5,0
3,55,3,H03_0055_04,0,14,4,10,2,interativo,1,0.46,1.15,2,1,3,1,1,5,1,0.3564,3,4,1,3,0,0.2857,0.7143,1
3,56,143,H03_0056_01,51,12,3,9,2,interativo,1,0.57,1.44,2,1,91,1,1,3,1,1,3,4,2,1,1,0.25,0.75,1
3,56,143,H03_0056_02,26,19,15,4,4,io_bound,1,0.9,3.05,8,2,1,1,10,2,0,0.1091,4,4,2,1,1,0.7895,0.2105,0
3,56,143,H03_0056_03,112,8,2,6,1,interativo,0,0.0,0.0,0,1,9,1,2,2,1,0.5109,3,4,2,1,1,0.25,0.75,0
3,56,143,H03_0056_04,115,49,31,18,4,cpu_bound,0,0.0,0.0,0,3,26,1,10,13,0,0.7436,8,4,2,1,1,0.6327,0.3673,0
3,57,353,H03_0057_01,1,26,3,23,5,cpu_bound,0,0.0,0.0,0,3,86,1,3,86,0,1,8,6,2,2,2,0.1154,0.8846,0
3,57,353,H03_0057_02,173,12,1,11,2,interativo,1,0.4,1.32,2,1,111,1,1,82,1,1,3,6,2,2,2,0.0833,0.9167,1
3,57,353,H03_0057_03,108,34,22,12,5,batch,1,0.49,1.59,6,3,188,1,7,67,0,1,8,6,2,2,2,0.6471,0.3529,0
3,57,353,H03_0057_04,319,24,19,5,3,misto,1,0.46,3.6,3,2,7,1,10,5,0,0.2636,4,6,2,2,2,0.7917,0.2083,0
3,57,353,H03_0057_05,174,6,3,3,4,io_bound,1,0.65,4.24,12,2,13,1,3,5,0,0.3273,4,6,2,2,2,0.5,0.5,0
3,57,353,H03_0057_06,135,8,0,8,2,tempo_real,0,0.0,0.0,0,1,105,0,0,0,1,1,2,6,2,2,2,0.0,1.0,0
3,58,133,H03_0058_01,48,7,6,1,2,io_bound,1,0.88,3.58,9,2,42,1,3,15,0,0.9455,4,3,1,1,1,0.8571,0.1429,0
3,58,133,H03_0058_02,14,53,21,32,4,cpu_bound,0,0.0,0.0,0,3,47,1,6,41,0,1,8,3,1,1,1,0.3962,0.6038,0
3,58,133,H03_0058_03,4,10,1,9,1,tempo_real,0,0.0,0.0,0,1,94,1,1,43,1,1,2,3,1,1,1,0.1,0.9,1
3,59,76,H03_0059_01,11,26,11,15,2,misto,1,0.58,3.48,3,2,0,1,5,0,0,0.1818,4,8,1,6,1,0.4231,0.5769,0
3,59,76,H03_0059_02,17,41,38,3,3,cpu_bound,0,0.0,0.0,0,3,42,1,2,8,0,1,8,8,1,6,1,0.9268,0.0732,0
3,59,76,H03_0059_03,62,17,15,2,2,io_bound,1,0.9,5.34,7,2,11,1,8,10,0,0.3818,4,8,1,6,1,0.8824,0.1176,0
3,59,76,H03_0059_04,13,8,7,1,3,io_bound,1,0.6,4.83,6,2,4,1,1,3,0,0.2091,4,8,1,6,1,0.875,0.125,0
3,59,76,H03_0059_05,49,12,11,1,3,io_bound,1,0.73,4.74,7,2,5,1,1,2,0,0.2273,4,8,1,6,1,0.9167,0.0833,0
3,59,76,H03_0059_06,44,21,16,5,3,misto,1,0.65,2.39,3,2,6,1,8,4,0,0.2455,4,8,1,6,1,0.7619,0.2381,0
3,59,76,H03_0059_07,32,19,16,3,3,io_bound,1,0.68,5.53,9,2,25,1,3,26,0,0.5909,4,8,1,6,1,0.8421,0.1579,1
3,59,76,H03_0059_08,73,5,1,4,1,tempo_real,0,0.0,0.0,0,1,2,1,1,2,1,0.3836,2,8,1,6,1,0.2,0.8,0
3,60,26,H03_0060_01,6,9,7,2,2,tempo_real,0,0.0,0.0,0,1,3,1,7,4,1,0.3564,2,5,2,1,2,0.7778,0.2222,0
3,60,26,H03_0060_02,20,30,26,4,4,misto,0,0.0,0.0,0,2,0,1,5,3,0,0.0909,4,5,2,1,2,0.8667,0.1333,0
3,60,26,H03_0060_03,19,47,38,9,5,batch,1,0.43,1.64,12,3,2,1,3,5,0,0.0818,8,5,2,1,2,0.8085,0.1915,0
3,60,26,H03_0060_04,15,3,0,3,1,tempo_real,0,0.0,0.0,0,1,9,0,0,0,1,0.5109,2,5,2,1,2,0.0,1.0,1
3,60,26,H03_0060_05,25,20,7,13,5,batch,0,0.0,0.0,0,3,1,1,3,0,0,0.0636,8,5,2,1,2,0.35,0.65,0
3,61,238,H03_0061_01,235,25,10,15,4,misto,1,0.52,1.51,8,2,1,1,3,3,0,0.1091,4,9,4,3,2,0.4,0.6,0
3,61,238,H03_0061_02,36,12,8,4,1,interativo,1,0.45,1.24,4,1,57,1,3,21,1,1,3,9,4,3,2,0.6667,0.3333,0
3,61,238,H03_0061_03,147,12,7,5,2,interativo,0,0.0,0.0,0,1,14,1,1,16,1,0.5564,3,9,4,3,2,0.5833,0.4167,0
3,61,238,H03_0061_04,201,15,7,8,3,interativo,1,0.46,2.74,5,1,27,1,5,20,1,0.7473,3,9,4,3,2,0.4667,0.5333,0
3,61,238,H03_0061_05,3,62,0,62,5,cpu_bound,0,0.0,0.0,0,3,130,0,0,0,0,1,8,9,4,3,2,0.0,1.0,0
3,61,238,H03_0061_06,51,28,8,20,3,misto,0,0.0,0.0,0,2,174,1,4,43,0,1,4,9,4,3,2,0.2857,0.7143,0
3,61,238,H03_0061_07,8,36,13,23,3,cpu_bound,0,0.0,0.0,0,3,209,1,3,72,0,1,8,9,4,3,2,0.3611,0.6389,1
3,61,238,H03_0061_08,202,5,2,3,1,interativo,1,0.57,1.48,6,1,13,1,1,7,1,0.5836,3,9,4,3,2,0.4,0.6,0
3,61,238,H03_0061_09,65,26,12,14,3,misto,1,0.34,2.08,9,2,4,1,2,3,0,0.2091,4,9,4,3,2,0.4615,0.5385,0
3,62,423,H03_0062_01,411,10,2,8,2,interativo,0,0.0,0.0,0,1,4,1,1,8,1,0.3745,3,3,2,0,1,0.2,0.8,0
3,62,423,H03_0062_02,349,38,13,25,5,batch,0,0.0,0.0,0,3,37,1,6,9,0,0.8982,8,3,2,0,1,0.3421,0.6579,0
3,62,423,H03_0062_03,367,10,9,1,2,interativo,1,0.61,2.05,5,1,4,1,3,4,1,0.3745,3,3,2,0,1,0.9,0.1,1
3,63,130,H03_0063_01,96,3,1,2,2,tempo_real,1,0.15,0.53,4,1,30,1,1,9,1,0.8473,2,8,5,3,0,0.3333,0.6667,0
3,63,130,H03_0063_02,37,16,9,7,3,io_bound,1,0.58,3.16,5,2,33,1,3,25,0,0.7364,4,8,5,3,0,0.5625,0.4375,0
3,63,130,H03_0063_03,8,16,15,1,3,io_bound,1,0.65,4.32,12,2,48,1,7,53,0,1,4,8,5,3,0,0.9375,0.0625,0
3,63,130,H03_0063_04,40,5,3,2,1,tempo_real,0,0.0,0.0,0,1,61,1,1,58,1,1,2,8,5,3,0,0.6,0.4,1
3,63,130,H03_0063_05,11,22,11,11,3,misto,1,0.48,2.96,3,2,14,1,7,0,0,0.3909,4,8,5,3,0,0.5,0.5,0
3,63,130,H03_0063_06,87,16,13,3,1,interativo,1,0.31,2.29,4,1,17,1,12,18,1,0.6564,3,8,5,3,0,0.8125,0.1875,0
3,63,130,H03_0063_07,74,13,0,13,2,interativo,0,0.0,0.0,0,1,7,0,0,0,1,0.4291,3,8,5,3,0,0.0,1.0,0
3,63,130,H03_0063_08,5,10,9,1,1,interativo,0,0.0,0.0,0,1,22,1,9,14,1,0.7473,3,8,5,3,0,0.9,0.1,0
3,64,151,H03_0064_01,135,9,5,4,2,tempo_real,0,0.0,0.0,0,1,11,1,3,1,1,0.5018,2,8,2,4,2,0.5556,0.4444,0
3,64,151,H03_0064_02,75,25,2,23,3,misto,1,0.39,2.28,8,2,15,1,2,15,0,0.4091,4,8,2,4,2,0.08,0.92,0
3,64,151,H03_0064_03,50,59,34,25,5,batch,1,0.53,3.39,8,3,40,1,2,32,0,0.9527,8,8,2,4,2,0.5763,0.4237,0
3,64,151,H03_0064_04,24,24,20,4,5,batch,0,0.0,0.0,0,3,76,1,5,24,0,1,8,8,2,4,2,0.8333,0.1667,0
3,64,151,H03_0064_05,69,10,5,5,2,interativo,1,0.51,1.61,3,1,44,1,3,20,1,1,3,8,2,4,2,0.5,0.5,0
3,64,151,H03_0064_06,49,17,7,10,4,misto,1,0.42,2.62,8,2,0,1,5,0,0,0.0909,4,8,2,4,2,0.4118,0.5882,0
3,64,151,H03_0064_07,40,9,7,2,4,io_bound,1,0.82,3.89,6,2,96,1,5,55,0,1,4,8,2,4,2,0.7778,0.2222,1
3,64,151,H03_0064_08,133,11,0,11,3,io_bound,1,0.85,4.09,11,2,3,0,0,0,0,0.1909,4,8,2,4,2,0.0,1.0,0
3,65,439,H03_0065_01,401,58,54,4,5,cpu_bound,0,0.0,0.0,0,3,38,1,4,8,0,0.9164,8,3,0,0,3,0.931,0.069,0
3,65,439,H03_0065_02,282,24,17,7,3,cpu_bound,0,0.0,0.0,0,3,143,1,12,22,0,1,8,3,0,0,3,0.7083,0.2917,1
3,65,439,H03_0065_03,309,33,26,7,5,batch,1,0.39,2.4,9,3,113,1,8,108,0,1,8,3,0,0,3,0.7879,0.2121,0
3,66,375,H03_0066_01,131,13,6,7,3,misto,1,0.49,3.08,6,2,140,1,3,101,0,1,4,9,3,4,2,0.4615,0.5385,0
3,66,375,H03_0066_02,348,48,44,4,4,batch,1,0.27,1.14,9,3,11,1,11,0,0,0.2909,8,9,3,4,2,0.9167,0.0833,0
3,66,375,H03_0066_03,103,7,0,7,1,tempo_real,0,0.0,0.0,0,1,138,0,0,0,1,1,2,9,3,4,2,0.0,1.0,0
3,66,375,H03_0066_04,212,14,2,12,2,misto,1,0.43,3.59,4,2,148,1,2,52,0,1,4,9,3,4,2,0.1429,0.8571,0
3,66,375,H03_0066_05,157,16,6,10,2,misto,1,0.69,2.34,9,2,142,1,2,107,0,1,4,9,3,4,2,0.375,0.625,0
3,66,375,H03_0066_06,21,6,4,2,2,tempo_real,1,0.18,0.67,4,1,141,1,2,144,1,1,2,9,3,4,2,0.6667,0.3333,0
3,66,375,H03_0066_07,134,14,5,9,2,interativo,0,0.0,0.0,0,1,123,1,1,123,1,1,3,9,3,4,2,0.3571,0.6429,0
3,66,375,H03_0066_08,96,11,7,4,3,io_bound,1,0.58,4.03,6,2,253,1,4,150,0,1,4,9,3,4,2,0.6364,0.3636,1
3,66,375,H03_0066_09,65,23,14,9,4,cpu_bound,0,0.0,0.0,0,3,140,1,2,122,0,1,8,9,3,4,2,0.6087,0.3913,0
3,67,24,H03_0067_01,16,53,42,11,4,cpu_bound,0,0.0,0.0,0,3,1,1,3,4,0,0.1091,8,4,0,1,3,0.7925,0.2075,0
3,67,24,H03_0067_02,4,15,14,1,2,misto,1,0.6,3.8,4,2,9,1,12,10,0,0.3455,4,4,0,1,3,0.9333,0.0667,1
3,67,24,H03_0067_03,7,56,38,18,5,batch,1,0.25,2.81,4,3,11,1,11,0,0,0.2455,8,4,0,1,3,0.6786,0.3214,0
3,67,24,H03_0067_04,15,35,1,34,5,batch,0,0.0,0.0,0,3,6,1,1,3,0,0.1545,8,4,0,1,3,0.0286,0.9714,0
3,68,108,H03_0068_01,12,17,10,7,2,io_bound,1,0.81,4.6,5,2,66,1,3,45,0,1,4,4,1,3,0,0.5882,0.4118,1
3,68,108,H03_0068_02,44,16,13,3,2,misto,1,0.38,2.41,4,2,5,1,6,6,0,0.2727,4,4,1,3,0,0.8125,0.1875,0
3,68,108,H03_0068_03,100,7,6,1,1,interativo,0,0.0,0.0,0,1,5,1,1,3,1,0.4382,3,4,1,3,0,0.8571,0.1429,0
3,68,108,H03_0068_04,54,20,16,4,2,io_bound,1,0.66,4.8,12,2,28,1,9,16,0,0.6909,4,4,1,3,0,0.8,0.2,0
3,69,342,H03_0069_01,120,20,9,11,2,io_bound,1,0.87,4.03,8,2,127,1,7,110,0,1,4,7,0,4,3,0.45,0.55,0
3,69,342,H03_0069_02,183,25,5,20,4,cpu_bound,1,0.2,0.34,2,3,76,1,2,27,0,1,8,7,0,4,3,0.2,0.8,0
3,69,342,H03_0069_03,208,15,14,1,3,misto,0,0.0,0.0,0,2,90,1,6,77,0,1,4,7,0,4,3,0.9333,0.0667,0
3,69,342,H03_0069_04,103,9,8,1,3,io_bound,1,0.58,3.57,8,2,122,1,4,70,0,1,4,7,0,4,3,0.8889,0.1111,1
3,69,342,H03_0069_05,222,54,18,36,4,cpu_bound,0,0.0,0.0,0,3,15,1,4,1,0,0.3636,8,7,0,4,3,0.3333,0.6667,0
3,69,342,H03_0069_06,267,62,52,10,4,cpu_bound,0,0.0,0.0,0,3,22,1,3,8,0,0.4909,8,7,0,4,3,0.8387,0.1613,0
3,69,342,H03_0069_07,313,13,7,6,3,io_bound,1,0.6,2.52,12,2,1,1,3,2,0,0.1545,4,7,0,4,3,0.5385,0.4615,0
3,70,12,H03_0070_01,0,28,21,7,2,misto,1,0.3,3.96,3,2,7,1,8,0,0,0.3091,4,8,2,5,1,0.75,0.25,0
3,70,12,H03_0070_02,3,9,0,9,1,tempo_real,0,0.0,0.0,0,1,5,0,0,0,1,0.4382,2,8,2,5,1,0.0,1.0,0
3,70,12,H03_0070_03,10,16,15,1,3,io_bound,1,0.73,5.89,7,2,1,1,10,4,0,0.1545,4,8,2,5,1,0.9375,0.0625,0
3,70,12,H03_0070_04,6,19,12,7,4,misto,1,0.53,3.99,6,2,1,1,8,2,0,0.1091,4,8,2,5,1,0.6316,0.3684,0
3,70,12,H03_0070_05,2,19,18,1,3,io_bound,1,0.76,4.77,10,2,10,1,3,15,0,0.3182,4,8,2,5,1,0.9474,0.0526,0
3,70,12,H03_0070_06,7,21,8,13,3,misto,0,0.0,0.0,0,2,4,1,2,8,0,0.2091,4,8,2,5,1,0.381,0.619,0
3,70,12,H03_0070_07,1,39,2,37,5,batch,1,0.3,1.37,4,3,2,1,1,6,0,0.0818,8,8,2,5,1,0.0513,0.9487,0
3,70,12,H03_0070_08,1,13,12,1,2,interativo,1,0.55,1.12,4,1,11,1,10,12,1,0.5018,3,8,2,5,1,0.9231,0.0769,1
3,71,414,H03_0071_01,107,24,23,1,3,misto,1,0.42,2.23,7,2,204,1,3,11,0,1,4,5,1,3,1,0.9583,0.0417,0
3,71,414,H03_0071_02,134,11,8,3,3,misto,0,0.0,0.0,0,2,244,1,7,13,0,1,4,5,1,3,1,0.7273,0.2727,0
3,71,414,H03_0071_03,37,26,12,14,5,batch,0,0.0,0.0,0,3,374,1,1,284,0,1,8,5,1,3,1,0.4615,0.5385,1
3,71,414,H03_0071_04,84,12,0,12,3,misto,1,0.47,3.12,6,2,175,0,0,0,0,1,4,5,1,3,1,0.0,1.0,0
3,71,414,H03_0071_05,327,14,2,12,2,interativo,0,0.0,0.0,0,1,16,1,2,2,1,0.5927,3,5,1,3,1,0.1429,0.8571,0
3,72,415,H03_0072_01,363,29,20,9,4,misto,1,0.6,1.55,5,2,12,1,11,4,0,0.3091,4,9,2,4,3,0.6897,0.3103,0
3,72,415,H03_0072_02,229,12,1,11,2,interativo,1,0.3,2.34,6,1,54,1,1,0,1,1,3,9,2,4,3,0.0833,0.9167,0
3,72,415,H03_0072_03,116,38,10,28,4,cpu_bound,0,0.0,0.0,0,3,127,1,4,65,0,1,8,9,2,4,3,0.2632,0.7368,0
3,72,415,H03_0072_04,296,15,7,8,4,misto,1,0.65,2.07,7,2,2,1,7,0,0,0.1273,4,9,2,4,3,0.4667,0.5333,0
3,72,415,H03_0072_05,361,19,16,3,2,misto,1,0.42,2.95,4,2,18,1,4,15,0,0.5091,4,9,2,4,3,0.8421,0.1579,0
3,72,415,H03_0072_06,257,21,3,18,5,batch,0,0.0,0.0,0,3,60,1,2,11,0,1,8,9,2,4,3,0.1429,0.8571,0
3,72,415,H03_0072_07,17,10,2,8,3,io_bound,1,0.81,2.64,9,2,257,1,2,181,0,1,4,9,2,4,3,0.2,0.8,1
3,72,415,H03_0072_08,32,39,38,1,4,cpu_bound,1,0.06,1.15,3,3,85,1,3,55,0,1,8,9,2,4,3,0.9744,0.0256,0
3,72,415,H03_0072_09,188,13,3,10,3,interativo,0,0.0,0.0,0,1,92,1,2,95,1,1,3,9,2,4,3,0.2308,0.7692,0
3,73,149,H03_0073_01,79,28,13,15,4,cpu_bound,0,0.0,0.0,0,3,30,1,8,26,0,0.8164,8,5,2,1,2,0.4643,0.5357,0
3,73,149,H03_0073_02,119,25,21,4,3,misto,1,0.52,3.63,8,2,28,1,3,5,0,0.6455,4,5,2,1,2,0.84,0.16,0
3,73,149,H03_0073_03,9,3,2,1,1,tempo_real,0,0.0,0.0,0,1,41,1,2,27,1,1,2,5,2,1,2,0.6667,0.3333,1
3,73,149,H03_0073_04,67,7,5,2,1,interativo,1,0.4,2.37,6,1,28,1,1,16,1,0.8564,3,5,2,1,2,0.7143,0.2857,0
3,73,149,H03_0073_05,77,40,20,20,3,cpu_bound,0,0.0,0.0,0,3,66,1,12,66,0,1,8,5,2,1,2,0.5,0.5,0
3,74,110,H03_0074_01,27,10,9,1,2,interativo,1,0.42,1.91,5,1,46,1,1,22,1,1,3,7,4,1,2,0.9,0.1,1
3,74,110,H03_0074_02,87,7,4,3,1,interativo,1,0.25,1.82,5,1,14,1,2,9,1,0.6018,3,7,4,1,2,0.5714,0.4286,0
3,74,110,H03_0074_03,24,22,16,6,3,misto,1,0.39,2.3,7,2,23,1,12,11,0,0.5545,4,7,4,1,2,0.7273,0.2727,0
3,74,110,H03_0074_04,61,34,24,10,3,cpu_bound,1,0.13,1.05,6,3,13,1,2,15,0,0.3727,8,7,4,1,2,0.7059,0.2941,0
3,74,110,H03_0074_05,52,9,7,2,1,tempo_real,0,0.0,0.0,0,1,20,1,2,9,1,0.7109,2,7,4,1,2,0.7778,0.2222,0
3,74,110,H03_0074_06,97,12,9,3,3,interativo,1,0.44,1.02,3,1,10,1,9,8,1,0.4382,3,7,4,1,2,0.75,0.25,0
3,74,110,H03_0074_07,74,53,26,27,4,batch,1,0.32,2.51,7,3,7,1,12,7,0,0.2182,8,7,4,1,2,0.4906,0.5094,0
3,75,427,H03_0075_01,262,28,11,17,5,batch,1,0.25,2.65,12,3,87,1,10,24,0,1,8,6,0,4,2,0.3929,0.6071,0
3,75,427,H03_0075_02,139,60,59,1,4,cpu_bound,0,0.0,0.0,0,3,180,1,2,32,0,1,8,6,0,4,2,0.9833,0.0167,1
3,75,427,H03_0075_03,334,16,2,14,3,io_bound,1,0.81,4.15,11,2,51,1,2,7,0,1,4,6,0,4,2,0.125,0.875,0
3,75,427,H03_0075_04,46,8,5,3,2,io_bound,1,0.55,4.28,12,2,118,1,1,90,0,1,4,6,0,4,2,0.625,0.375,0
3,75,427,H03_0075_05,204,17,11,6,4,misto,1,0.55,1.72,5,2,49,1,7,48,0,0.9818,4,6,0,4,2,0.6471,0.3529,0
3,75,427,H03_0075_06,352,18,10,8,3,io_bound,1,0.69,5.03,9,2,75,1,7,15,0,1,4,6,0,4,2,0.5556,0.4444,0
4,76,230,H04_0076_01,174,8,6,2,3,interativo,1,0.33,2.14,2,1,22,1,6,18,1,0.6564,3,9,6,1,2,0.75,0.25,0
4,76,230,H04_0076_02,41,5,0,5,2,tempo_real,1,0.17,0.6,3,1,11,0,0,0,1,0.5018,2,9,6,1,2,0.0,1.0,0
4,76,230,H04_0076_03,46,4,1,3,1,tempo_real,1,0.14,0.45,1,1,26,1,1,11,1,0.82,2,9,6,1,2,0.25,0.75,0
4,76,230,H04_0076_04,169,53,25,28,4,cpu_bound,0,0.0,0.0,0,3,21,1,9,15,0,0.4727,8,9,6,1,2,0.4717,0.5283,0
4,76,230,H04_0076_05,66,19,4,15,3,io_bound,1,0.82,4.04,10,2,60,1,2,61,0,1,4,9,6,1,2,0.2105,0.7895,0
4,76,230,H04_0076_06,162,16,2,14,2,interativo,1,0.37,1.39,4,1,27,1,1,7,1,0.7927,3,9,6,1,2,0.125,0.875,0
4,76,230,H04_0076_07,196,6,5,1,2,interativo,1,0.5,2.39,6,1,6,1,1,6,1,0.4109,3,9,6,1,2,0.8333,0.1667,0
4,76,230,H04_0076_08,62,54,52,2,3,cpu_bound,0,0.0,0.0,0,3,38,1,3,32,0,1,8,9,6,1,2,0.963,0.037,0
4,76,230,H04_0076_09,138,15,6,9,2,interativo,1,0.42,1.24,4,1,74,1,2,8,1,1,3,9,6,1,2,0.4,0.6,1
4,77,175,H04_0077_01,98,10,3,7,3,misto,1,0.39,1.54,5,2,4,1,3,1,0,0.2091,4,7,2,3,2,0.3,0.7,0
4,77,175,H04_0077_02,112,14,4,10,3,interativo,1,0.27,2.85,3,1,62,1,3,40,1,1,3,7,2,3,2,0.2857,0.7143,0
4,77,175,H04_0077_03,33,8,7,1,4,io_bound,1,0.68,4.2,5,2,66,1,3,4,0,1,4,7,2,3,2,0.875,0.125,0
4,77,175,H04_0077_04,151,12,4,8,3,misto,1,0.34,2.62,6,2,15,1,4,9,0,0.4091,4,7,2,3,2,0.3333,0.6667,0
4,77,175,H04_0077_05,6,8,2,6,2,interativo,1,0.28,1.66,5,1,128,1,2,33,1,1,3,7,2,3,2,0.25,0.75,1
4,77,175,H04_0077_06,175,45,29,16,5,batch,0,0.0,0.0,0,3,0,1,11,1,0,0.0455,8,7,2,3,2,0.6444,0.3556,0
4,77,175,H04_0077_07,56,46,24,22,5,batch,0,0.0,0.0,0,3,28,1,12,20,0,0.7345,8,7,2,3,2,0.5217,0.4783,0
4,78,120,H04_0078_01,35,64,50,14,5,cpu_bound,0,0.0,0.0,0,3,43,1,5,21,0,1,8,6,0,1,5,0.7812,0.2188,0
4,78,120,H04_0078_02,16,17,8,9,3,io_bound,1,0.71,2.65,7,2,17,1,8,14,0,0.4455,4,6,0,1,5,0.4706,0.5294,0
4,78,120,H04_0078_03,57,42,34,8,5,batch,1,0.37,3.17,8,3,42,1,10,20,0,0.9891,8,6,0,1,5,0.8095,0.1905,0
4,78,120,H04_0078_04,110,28,16,12,4,cpu_bound,0,0.0,0.0,0,3,5,1,3,9,0,0.1818,8,6,0,1,5,0.5714,0.4286,0
4,78,120,H04_0078_05,45,27,25,2,4,cpu_bound,0,0.0,0.0,0,3,69,1,11,12,0,1,8,6,0,1,5,0.9259,0.0741,1
4,78,120,H04_0078_06,50,44,29,15,4,cpu_bound,1,0.07,0.91,3,3,38,1,11,41,0,0.9618,8,6,0,1,5,0.6591,0.3409,0
4,79,74,H04_0079_01,47,46,26,20,4,cpu_bound,1,0.1,0.24,3,3,3,1,9,2,0,0.1455,8,4,1,2,1,0.5652,0.4348,0
4,79,74,H04_0079_02,2,7,0,7,3,interativo,0,0.0,0.0,0,1,0,0,0,0,1,0.2564,3,4,1,2,1,0.0,1.0,0
4,79,74,H04_0079_03,43,11,10,1,3,misto,1,0.53,2.08,9,2,7,1,2,9,0,0.2636,4,4,1,2,1,0.9091,0.0909,1
4,79,74,H04_0079_04,48,19,4,15,3,io_bound,1,0.75,2.87,12,2,1,1,1,6,0,0.1545,4,4,1,2,1,0.2105,0.7895,0
4,80,410,H04_0080_01,43,20,9,11,5,batch,1,0.32,1.69,11,3,24,1,8,19,0,0.4818,8,6,1,2,3,0.45,0.55,0
4,80,410,H04_0080_02,371,7,5,2,1,tempo_real,0,0.0,0.0,0,1,22,1,3,15,1,0.7473,2,6,1,2,3,0.7143,0.2857,0
4,80,410,H04_0080_03,258,42,35,7,4,cpu_bound,0,0.0,0.0,0,3,29,1,12,1,0,0.7982,8,6,1,2,3,0.8333,0.1667,0
4,80,410,H04_0080_04,304,26,9,17,4,misto,0,0.0,0.0,0,2,88,1,3,49,0,1,4,6,1,2,3,0.3462,0.6538,0
4,80,410,H04_0080_05,391,10,8,2,4,io_bound,1,0.72,4.29,5,2,7,1,6,10,0,0.2182,4,6,1,2,3,0.8,0.2,0
4,80,410,H04_0080_06,77,54,19,35,5,cpu_bound,0,0.0,0.0,0,3,232,1,1,54,0,1,8,6,1,2,3,0.3519,0.6481,1
4,81,270,H04_0081_01,102,12,10,2,3,io_bound,1,0.8,5.9,11,2,44,1,9,5,0,0.9364,4,9,3,6,0,0.8333,0.1667,0
4,81,270,H04_0081_02,25,4,1,3,1,tempo_real,0,0.0,0.0,0,1,5,1,1,5,1,0.4382,2,9,3,6,0,0.25,0.75,0
4,81,270,H04_0081_03,43,16,13,3,3,io_bound,0,0.0,0.0,0,2,68,1,2,1,0,1,4,9,3,6,0,0.8125,0.1875,0
4,81,270,H04_0081_04,34,11,10,1,3,misto,0,0.0,0.0,0,2,35,1,2,33,0,0.7727,4,9,3,6,0,0.9091,0.0909,0
4,81,270,H04_0081_05,105,14,8,6,2,misto,1,0.56,3.6,7,2,30,1,5,35,0,0.7273,4,9,3,6,0,0.5714,0.4286,0
4,81,270,H04_0081_06,265,12,6,6,2,interativo,1,0.35,2.79,3,1,2,1,6,7,1,0.3382,3,9,3,6,0,0.5,0.5,0
4,81,270,H04_0081_07,165,27,7,20,4,misto,1,0.53,2.75,4,2,57,1,5,3,0,1,4,9,3,6,0,0.2593,0.7407,0
4,81,270,H04_0081_08,1,14,2,12,3,misto,1,0.6,2.64,9,2,182,1,1,143,0,1,4,9,3,6,0,0.1429,0.8571,1
4,81,270,H04_0081_09,28,3,1,2,1,tempo_real,1,0.2,0.45,2,1,16,1,1,7,1,0.6382,2,9,3,6,0,0.3333,0.6667,0
4,82,316,H04_0082_01,255,10,6,4,1,tempo_real,0,0.0,0.0,0,1,22,1,6,3,1,0.7473,2,5,2,2,1,0.6,0.4,0
4,82,316,H04_0082_02,255,11,4,7,2,interativo,0,0.0,0.0,0,1,41,1,2,0,1,1,3,5,2,2,1,0.3636,0.6364,0
4,82,316,H04_0082_03,308,18,6,12,4,io_bound,1,0.69,3.46,9,2,4,1,2,6,0,0.1636,4,5,2,2,1,0.3333,0.6667,0
4,82,316,H04_0082_04,64,8,3,5,3,io_bound,1,0.76,5.8,7,2,197,1,3,161,0,1,4,5,2,2,1,0.375,0.625,1
4,82,316,H04_0082_05,163,24,10,14,4,cpu_bound,0,0.0,0.0,0,3,59,1,7,52,0,1,8,5,2,2,1,0.4167,0.5833,0
4,83,223,H04_0083_01,204,5,1,4,2,interativo,1,0.57,2.57,4,1,5,1,1,5,1,0.3927,3,4,2,1,1,0.2,0.8,0
4,83,223,H04_0083_02,68,12,10,2,3,misto,1,0.51,1.68,7,2,4,1,4,5,0,0.2091,4,4,2,1,1,0.8333,0.1667,0
4,83,223,H04_0083_03,92,5,0,5,2,interativo,1,0.38,1.02,3,1,33,0,0,0,1,0.9018,3,4,2,1,1,0.0,1.0,1
4,83,223,H04_0083_04,141,57,45,12,3,cpu_bound,0,0.0,0.0,0,3,54,1,6,48,0,1,8,4,2,1,1,0.7895,0.2105,0
4,84,62,H04_0084_01,0,18,1,17,3,io_bound,1,0.66,3.46,6,2,21,1,1,16,0,0.5182,4,5,0,4,1,0.0556,0.9444,0
4,84,62,H04_0084_02,31,18,11,7,2,io_bound,1,0.79,5.29,11,2,28,1,6,18,0,0.6909,4,5,0,4,1,0.6111,0.3889,0
4,84,62,H04_0084_03,19,12,3,9,2,io_bound,1,0.62,5.4,8,2,32,1,1,23,0,0.7636,4,5,0,4,1,0.25,0.75,0
4,84,62,H04_0084_04,9,13,12,1,3,io_bound,1,0.66,4.95,11,2,29,1,6,10,0,0.6636,4,5,0,4,1,0.9231,0.0769,1
4,84,62,H04_0084_05,44,26,25,1,3,cpu_bound,1,0.22,0.92,4,3,14,1,6,15,0,0.3909,8,5,0,4,1,0.9615,0.0385,0
4,85,2,H04_0085_01,2,18,0,18,4,io_bound,1,0.72,5.93,6,2,0,0,0,0,0,0.0909,4,9,1,6,2,0.0,1.0,0
4,85,2,H04_0085_02,2,26,5,21,4,cpu_bound,0,0.0,0.0,0,3,0,1,5,2,0,0.0909,8,9,1,6,2,0.1923,0.8077,0
4,85,2,H04_0085_03,2,15,5,10,3,io_bound,1,0.8,3.3,5,2,0,1,1,2,0,0.1364,4,9,1,6,2,0.3333,0.6667,0
4,85,2,H04_0085_04,1,57,2,55,4,cpu_bound,0,0.0,0.0,0,3,0,1,2,1,0,0.0909,8,9,1,6,2,0.0351,0.9649,0
4,85,2,H04_0085_05,1,10,9,1,3,io_bound,1,0.89,5.49,10,2,1,1,7,4,0,0.1545,4,9,1,6,2,0.9,0.1,0
4,85,2,H04_0085_06,2,7,2,5,4,io_bound,1,0.6,4.96,5,2,0,1,2,0,0,0.0909,4,9,1,6,2,0.2857,0.7143,0
4,85,2,H04_0085_07,2,5,4,1,1,tempo_real,0,0.0,0.0,0,1,0,1,3,1,1,0.3473,2,9,1,6,2,0.8,0.2,1
4,85,2,H04_0085_08,1,8,4,4,2,io_bound,1,0.81,3.84,8,2,1,1,3,5,0,0.2,4,9,1,6,2,0.5,0.5,0
4,85,2,H04_0085_09,0,13,12,1,3,io_bound,1,0.69,3.92,4,2,0,1,2,4,0,0.1364,4,9,1,6,2,0.9231,0.0769,0
4,86,283,H04_0086_01,78,14,8,6,2,interativo,1,0.41,1.53,6,1,82,1,1,57,1,1,3,7,3,2,2,0.5714,0.4286,1
4,86,283,H04_0086_02,90,8,2,6,2,interativo,1,0.28,1.85,3,1,75,1,1,63,1,1,3,7,3,2,2,0.25,0.75,0
4,86,283,H04_0086_03,271,59,38,21,5,batch,1,0.42,2.2,10,3,3,1,12,5,0,0.1,8,7,3,2,2,0.6441,0.3559,0
4,86,283,H04_0086_04,201,22,17,5,4,misto,1,0.59,3.15,8,2,75,1,8,71,0,1,4,7,3,2,2,0.7727,0.2273,0
4,86,283,H04_0086_05,239,6,1,5,2,tempo_real,0,0.0,0.0,0,1,16,1,1,2,1,0.5927,2,7,3,2,2,0.1667,0.8333,0
4,86,283,H04_0086_06,221,18,5,13,3,io_bound,1,0.67,3.44,9,2,29,1,1,4,0,0.6636,4,7,3,2,2,0.2778,0.7222,0
4,86,283,H04_0086_07,110,36,13,23,5,cpu_bound,0,0.0,0.0,0,3,134,1,7,64,0,1,8,7,3,2,2,0.3611,0.6389,0
4,87,335,H04_0087_01,69,37,20,17,5,batch,0,0.0,0.0,0,3,145,1,1,100,0,1,8,4,1,1,2,0.5405,0.4595,0
4,87,335,H04_0087_02,329,63,20,43,3,cpu_bound,0,0.0,0.0,0,3,1,1,12,1,0,0.1545,8,4,1,1,2,0.3175,0.6825,0
4,87,335,H04_0087_03,110,11,8,3,3,io_bound,1,0.84,5.18,9,2,208,1,6,86,0,1,4,4,1,1,2,0.7273,0.2727,0
4,87,335,H04_0087_04,111,9,7,2,3,interativo,1,0.65,2.75,2,1,221,1,3,4,1,1,3,4,1,1,2,0.7778,0.2222,1
4,88,217,H04_0088_01,152,7,3,4,1,tempo_real,0,0.0,0.0,0,1,16,1,2,7,1,0.6382,2,4,2,1,1,0.4286,0.5714,0
4,88,217,H04_0088_02,24,43,35,8,4,cpu_bound,0,0.0,0.0,0,3,164,1,12,4,0,1,8,4,2,1,1,0.814,0.186,1
4,88,217,H04_0088_03,166,28,24,4,4,misto,1,0.56,3.91,7,2,41,1,10,5,0,0.8364,4,4,2,1,1,0.8571,0.1429,0
4,88,217,H04_0088_04,83,16,9,7,2,interativo,1,0.49,1.73,2,1,4,1,7,7,1,0.3745,3,4,2,1,1,0.5625,0.4375,0
4,89,350,H04_0089_01,255,12,8,4,2,interativo,0,0.0,0.0,0,1,66,1,8,46,1,1,3,9,2,2,5,0.6667,0.3333,0
4,89,350,H04_0089_02,89,23,3,20,5,batch,0,0.0,0.0,0,3,129,1,2,133,0,1,8,9,2,2,5,0.1304,0.8696,0
4,89,350,H04_0089_03,113,38,25,13,5,cpu_bound,1,0.09,0.33,3,3,3,1,9,8,0,0.1,8,9,2,2,5,0.6579,0.3421,0
4,89,350,H04_0089_04,51,23,1,22,4,misto,1,0.48,2.18,6,2,219,1,1,156,0,1,4,9,2,2,5,0.0435,0.9565,1
4,89,350,H04_0089_05,316,8,6,2,3,interativo,1,0.46,1.46,2,1,1,1,3,4,1,0.2745,3,9,2,2,5,0.75,0.25,0
4,89,350,H04_0089_06,26,43,1,42,5,batch,1,0.4,3.24,4,3,1,1,1,5,0,0.0636,8,9,2,2,5,0.0233,0.9767,0
4,89,350,H04_0089_07,136,47,14,33,4,batch,1,0.36,2.48,8,3,46,1,12,13,0,1,8,9,2,2,5,0.2979,0.7021,0
4,89,350,H04_0089_08,247,44,14,30,5,batch,1,0.28,1.03,8,3,60,1,2,25,0,1,8,9,2,2,5,0.3182,0.6818,0
4,89,350,H04_0089_09,23,13,2,11,3,misto,0,0.0,0.0,0,2,28,1,1,28,0,0.6455,4,9,2,2,5,0.1538,0.8462,0
4,90,5,H04_0090_01,3,25,21,4,3,misto,1,0.38,3.27,6,2,0,1,10,1,0,0.1364,4,5,1,4,0,0.84,0.16,0
4,90,5,H04_0090_02,1,11,0,11,4,misto,1,0.64,1.77,8,2,0,0,0,0,0,0.0909,4,5,1,4,0,0.0,1.0,0
4,90,5,H04_0090_03,5,13,12,1,3,interativo,1,0.45,1.7,4,1,0,1,12,5,1,0.2564,3,5,1,4,0,0.9231,0.0769,1
4,90,5,H04_0090_04,2,25,14,11,3,misto,1,0.56,3.95,3,2,2,1,2,5,0,0.1727,4,5,1,4,0,0.56,0.44,0
4,90,5,H04_0090_05,0,20,7,13,3,misto,1,0.42,4.0,3,2,4,1,2,7,0,0.2091,4,5,1,4,0,0.35,0.65,0
4,91,251,H04_0091_01,31,5,0,5,2,interativo,1,0.48,1.84,6,1,112,0,0,0,1,1,3,8,4,2,2,0.0,1.0,0
4,91,251,H04_0091_02,11,41,11,30,4,cpu_bound,1,0.18,1.01,4,3,176,1,10,42,0,1,8,8,4,2,2,0.2683,0.7317,0
4,91,251,H04_0091_03,223,8,1,7,3,interativo,1,0.39,1.89,6,1,24,1,1,9,1,0.6927,3,8,4,2,2,0.125,0.875,0
4,91,251,H04_0091_04,243,3,1,2,1,tempo_real,0,0.0,0.0,0,1,4,1,1,0,1,0.42,2,8,4,2,2,0.3333,0.6667,0
4,91,251,H04_0091_05,142,4,1,3,2,tempo_real,0,0.0,0.0,0,1,91,1,1,46,1,1,2,8,4,2,2,0.25,0.75,1
4,91,251,H04_0091_06,211,11,6,5,3,io_bound,1,0.68,5.46,12,2,27,1,3,20,0,0.6273,4,8,4,2,2,0.5455,0.4545,0
4,91,251,H04_0091_07,34,16,12,4,4,io_bound,1,0.74,2.65,9,2,132,1,10,79,0,1,4,8,4,2,2,0.75,0.25,0
4,91,251,H04_0091_08,109,28,27,1,5,batch,0,0.0,0.0,0,3,136,1,4,137,0,1,8,8,4,2,2,0.9643,0.0357,0
4,92,221,H04_0092_01,59,14,8,6,4,io_bound,1,0.56,3.44,9,2,33,1,8,36,0,0.6909,4,9,1,6,2,0.5714,0.4286,0
4,92,221,H04_0092_02,57,15,7,8,3,io_bound,1,0.59,3.48,12,2,24,1,3,16,0,0.5727,4,9,1,6,2,0.4667,0.5333,0
4,92,221,H04_0092_03,125,48,2,46,5,batch,1,0.31,1.68,11,3,33,1,1,30,0,0.8255,8,9,1,6,2,0.0417,0.9583,0
4,92,221,H04_0092_04,57,25,20,5,4,misto,0,0.0,0.0,0,2,162,1,5,105,0,1,4,9,1,6,2,0.8,0.2,1
4,92,221,H04_0092_05,135,46,41,5,4,batch,0,0.0,0.0,0,3,3,1,8,4,0,0.1455,8,9,1,6,2,0.8913,0.1087,0
4,92,221,H04_0092_06,143,14,5,9,2,misto,1,0.64,1.55,3,2,64,1,4,44,0,1,4,9,1,6,2,0.3571,0.6429,0
4,92,221,H04_0092_07,147,11,9,2,2,io_bound,1,0.85,3.74,4,2,31,1,5,10,0,0.7455,4,9,1,6,2,0.8182,0.1818,0
4,92,221,H04_0092_08,168,25,1,24,4,misto,0,0.0,0.0,0,2,28,1,1,10,0,0.6,4,9,1,6,2,0.04,0.96,0
4,92,221,H04_0092_09,38,5,1,4,2,interativo,1,0.33,2.1,6,1,21,1,1,26,1,0.6836,3,9,1,6,2,0.2,0.8,0
4,93,314,H04_0093_01,246,7,4,3,1,interativo,1,0.56,2.66,6,1,40,1,3,8,1,1,3,7,2,2,3,0.5714,0.4286,0
4,93,314,H04_0093_02,43,8,2,6,3,io_bound,1,0.61,4.86,11,2,169,1,1,83,0,1,4,7,2,2,3,0.25,0.75,0
4,93,314,H04_0093_03,261,42,27,15,5,batch,0,0.0,0.0,0,3,47,1,7,33,0,1,8,7,2,2,3,0.6429,0.3571,0
4,93,314,H04_0093_04,286,9,2,7,1,tempo_real,0,0.0,0.0,0,1,6,1,2,8,1,0.4564,2,7,2,2,3,0.2222,0.7778,0
4,93,314,H04_0093_05,80,57,1,56,4,batch,1,0.46,1.89,6,3,105,1,1,67,0,1,8,7,2,2,3,0.0175,0.9825,0
4,93,314,H04_0093_06,8,49,37,12,5,batch,0,0.0,0.0,0,3,64,1,7,56,0,1,8,7,2,2,3,0.7551,0.2449,0
4,93,314,H04_0093_07,36,12,9,3,3,misto,1,0.53,1.95,3,2,257,1,4,154,0,1,4,7,2,2,3,0.75,0.25,1
4,94,356,H04_0094_01,199,21,14,7,5,batch,1,0.41,1.2,7,3,65,1,2,37,0,1,8,7,0,3,4,0.6667,0.3333,0
4,94,356,H04_0094_02,26,25,13,12,2,misto,0,0.0,0.0,0,2,51,1,1,38,0,1,4,7,0,3,4,0.52,0.48,0
4,94,356,H04_0094_03,344,36,13,23,4,cpu_bound,0,0.0,0.0,0,3,10,1,10,7,0,0.2727,8,7,0,3,4,0.3611,0.6389,0
4,94,356,H04_0094_04,286,20,10,10,4,misto,1,0.55,2.68,7,2,68,1,7,69,0,1,4,7,0,3,4,0.5,0.5,0
4,94,356,H04_0094_05,256,61,20,41,5,cpu_bound,0,0.0,0.0,0,3,2,1,2,1,0,0.0818,8,7,0,3,4,0.3279,0.6721,0
4,94,356,H04_0094_06,191,23,1,22,3,misto,1,0.31,3.05,9,2,83,1,1,23,0,1,4,7,0,3,4,0.0435,0.9565,0
4,94,356,H04_0094_07,140,25,16,9,5,batch,1,0.46,2.45,5,3,163,1,2,19,0,1,8,7,0,3,4,0.64,0.36,1
4,95,321,H04_0095_01,251,6,4,2,1,tempo_real,0,0.0,0.0,0,1,23,1,1,5,1,0.7655,2,3,2,1,0,0.6667,0.3333,0
4,95,321,H04_0095_02,251,10,8,2,2,interativo,0,0.0,0.0,0,1,35,1,7,13,1,0.9382,3,3,2,1,0,0.8,0.2,0
4,95,321,H04_0095_03,66,27,10,17,2,misto,1,0.33,2.29,7,2,151,1,9,131,0,1,4,3,2,1,0,0.3704,0.6296,1
4,96,111,H04_0096_01,91,22,15,7,2,misto,1,0.68,3.6,4,2,6,1,2,1,0,0.2909,4,9,2,3,4,0.6818,0.3182,0
4,96,111,H04_0096_02,31,29,24,5,4,cpu_bound,0,0.0,0.0,0,3,8,1,4,7,0,0.2364,8,9,2,3,4,0.8276,0.1724,0
4,96,111,H04_0096_03,41,47,16,31,4,cpu_bound,0,0.0,0.0,0,3,7,1,5,3,0,0.2182,8,9,2,3,4,0.3404,0.6596,0
4,96,111,H04_0096_04,52,10,1,9,2,interativo,1,0.5,1.31,3,1,31,1,1,28,1,0.8655,3,9,2,3,4,0.1,0.9,0
4,96,111,H04_0096_05,64,54,24,30,4,batch,1,0.49,3.5,4,3,12,1,10,11,0,0.3091,8,9,2,3,4,0.4444,0.5556,0
4,96,111,H04_0096_06,62,16,3,13,2,interativo,1,0.37,1.91,5,1,43,1,1,28,1,1,3,9,2,3,4,0.1875,0.8125,1
4,96,111,H04_0096_07,26,6,3,3,4,io_bound,1,0.74,3.76,9,2,44,1,2,42,0,0.8909,4,9,2,3,4,0.5,0.5,0
4,96,111,H04_0096_08,74,27,6,21,3,misto,1,0.64,3.43,4,2,6,1,5,11,0,0.2455,4,9,2,3,4,0.2222,0.7778,0
4,96,111,H04_0096_09,65,49,3,46,5,batch,1,0.41,3.12,12,3,45,1,1,40,0,1,8,9,2,3,4,0.0612,0.9388,0
4,97,45,H04_0097_01,20,16,1,15,3,interativo,1,0.57,1.67,6,1,11,1,1,12,1,0.4564,3,7,3,1,3,0.0625,0.9375,0
4,97,45,H04_0097_02,10,4,3,1,1,tempo_real,0,0.0,0.0,0,1,16,1,2,11,1,0.6382,2,7,3,1,3,0.75,0.25,1
4,97,45,H04_0097_03,19,5,2,3,1,tempo_real,1,0.06,0.76,4,1,13,1,2,7,1,0.5836,2,7,3,1,3,0.4,0.6,0
4,97,45,H04_0097_04,32,18,2,16,3,io_bound,1,0.74,3.8,11,2,2,1,1,1,0,0.1727,4,7,3,1,3,0.1111,0.8889,0
4,97,45,H04_0097_05,11,59,52,7,4,batch,1,0.25,2.67,5,3,21,1,10,15,0,0.4727,8,7,3,1,3,0.8814,0.1186,0
4,97,45,H04_0097_06,18,20,17,3,5,batch,1,0.53,2.24,11,3,20,1,5,0,0,0.4091,8,7,3,1,3,0.85,0.15,0
4,97,45,H04_0097_07,13,59,34,25,5,cpu_bound,0,0.0,0.0,0,3,14,1,11,17,0,0.3,8,7,3,1,3,0.5763,0.4237,0
4,98,169,H04_0098_01,15,24,23,1,3,misto,1,0.31,2.12,4,2,34,1,5,20,0,0.7545,4,6,1,4,1,0.9583,0.0417,0
4,98,169,H04_0098_02,76,9,0,9,3,io_bound,1,0.79,2.57,5,2,24,0,0,0,0,0.5727,4,6,1,4,1,0.0,1.0,0
4,98,169,H04_0098_03,153,9,1,8,4,io_bound,1,0.73,3.73,7,2,15,1,1,6,0,0.3636,4,6,1,4,1,0.1111,0.8889,0
4,98,169,H04_0098_04,131,4,2,2,1,tempo_real,0,0.0,0.0,0,1,27,1,1,25,1,0.8382,2,6,1,4,1,0.5,0.5,1
4,98,169,H04_0098_05,80,8,0,8,4,io_bound,1,0.79,4.56,11,2,21,0,0,0,0,0.4727,4,6,1,4,1,0.0,1.0,0
4,98,169,H04_0098_06,90,23,20,3,4,batch,0,0.0,0.0,0,3,69,1,9,32,0,1,8,6,1,4,1,0.8696,0.1304,0
4,99,410,H04_0099_01,119,41,36,5,4,cpu_bound,1,0.08,0.61,4,3,90,1,4,53,0,1,8,8,2,2,4,0.878,0.122,0
4,99,410,H04_0099_02,197,22,19,3,4,cpu_bound,1,0.09,0.38,4,3,30,1,12,19,0,0.8164,8,8,2,2,4,0.8636,0.1364,0
4,99,410,H04_0099_03,49,14,12,2,1,interativo,1,0.55,1.77,3,1,280,1,6,42,1,1,3,8,2,2,4,0.8571,0.1429,0
4,99,410,H04_0099_04,355,20,8,12,4,batch,1,0.3,2.72,12,3,55,1,1,56,0,1,8,8,2,2,4,0.4,0.6,0
4,99,410,H04_0099_05,252,30,7,23,3,misto,1,0.32,4.0,3,2,5,1,1,3,0,0.2273,4,8,2,2,4,0.2333,0.7667,0
4,99,410,H04_0099_06,205,16,4,12,2,io_bound,1,0.82,3.17,8,2,28,1,2,21,0,0.6909,4,8,2,2,4,0.25,0.75,0
4,99,410,H04_0099_07,24,3,0,3,1,tempo_real,0,0.0,0.0,0,1,331,0,0,0,1,1,2,8,2,2,4,0.0,1.0,1
4,99,410,H04_0099_08,328,52,16,36,5,batch,1,0.25,2.69,11,3,5,1,11,5,0,0.1364,8,8,2,2,4,0.3077,0.6923,0
4,100,158,H04_0100_01,56,20,1,19,4,misto,1,0.48,3.26,6,2,35,1,1,29,0,0.7273,4,3,0,1,2,0.05,0.95,1
4,100,158,H04_0100_02,129,26,16,10,4,cpu_bound,1,0.2,0.4,4,3,4,1,11,5,0,0.1636,8,3,0,1,2,0.6154,0.3846,0
4,100,158,H04_0100_03,29,65,47,18,4,cpu_bound,0,0.0,0.0,0,3,17,1,10,4,0,0.4,8,3,0,1,2,0.7231,0.2769,0
5,101,225,H05_0101_01,35,7,0,7,2,interativo,1,0.45,1.97,5,1,50,0,0,0,1,1,3,4,2,1,1,0.0,1.0,1
5,101,225,H05_0101_02,16,54,51,3,4,batch,1,0.5,3.49,12,3,60,1,11,53,0,1,8,4,2,1,1,0.9444,0.0556,0
5,101,225,H05_0101_03,61,30,23,7,3,misto,1,0.69,3.47,8,2,34,1,5,18,0,0.7545,4,4,2,1,1,0.7667,0.2333,0
5,101,225,H05_0101_04,225,3,0,3,2,tempo_real,0,0.0,0.0,0,1,0,0,0,0,1,0.3018,2,4,2,1,1,0.0,1.0,0
5,102,411,H05_0102_01,293,30,8,22,3,misto,1,0.57,2.98,8,2,116,1,4,17,0,1,4,4,0,2,2,0.2667,0.7333,0
5,102,411,H05_0102_02,99,40,9,31,5,batch,1,0.35,2.89,7,3,284,1,4,24,0,1,8,4,0,2,2,0.225,0.775,1
5,102,411,H05_0102_03,245,49,40,9,5,batch,1,0.28,2.02,4,3,39,1,7,4,0,0.9345,8,4,0,2,2,0.8163,0.1837,0
5,102,411,H05_0102_04,253,21,14,7,3,misto,1,0.48,3.42,5,2,99,1,8,101,0,1,4,4,0,2,2,0.6667,0.3333,0
5,103,257,H05_0103_01,188,21,12,9,5,batch,1,0.27,1.13,10,3,35,1,11,29,0,0.8618,8,9,1,5,3,0.5714,0.4286,0
5,103,257,H05_0103_02,25,6,4,2,4,io_bound,1,0.69,4.71,7,2,142,1,1,61,0,1,4,9,1,5,3,0.6667,0.3333,0
5,103,257,H05_0103_03,3,5,3,2,2,interativo,1,0.34,1.06,3,1,109,1,1,81,1,1,3,9,1,5,3,0.6,0.4,1
5,103,257,H05_0103_04,81,15,1,14,3,io_bound,1,0.83,4.23,6,2,155,1,1,152,0,1,4,9,1,5,3,0.0667,0.9333,0
5,103,257,H05_0103_05,44,45,31,14,5,batch,1,0.21,3.48,12,3,48,1,9,35,0,1,8,9,1,5,3,0.6889,0.3111,0
5,103,257,H05_0103_06,119,44,30,14,5,batch,1,0.26,1.47,6,3,95,1,10,45,0,1,8,9,1,5,3,0.6818,0.3182,0
5,103,257,H05_0103_07,47,15,1,14,3,io_bound,1,0.89,5.08,5,2,113,1,1,55,0,1,4,9,1,5,3,0.0667,0.9333,0
5,103,257,H05_0103_08,84,19,1,18,3,io_bound,1,0.85,3.66,6,2,148,1,1,147,0,1,4,9,1,5,3,0.0526,0.9474,0
5,103,257,H05_0103_09,228,7,2,5,3,io_bound,0,0.0,0.0,0,2,12,1,2,11,0,0.3545,4,9,1,5,3,0.2857,0.7143,0
5,104,400,H05_0104_01,104,44,28,16,5,batch,1,0.38,2.72,8,3,64,1,12,38,0,1,8,9,3,2,4,0.6364,0.3636,0
5,104,400,H05_0104_02,306,7,3,4,2,interativo,1,0.48,2.86,5,1,88,1,2,11,1,1,3,9,3,2,4,0.4286,0.5714,0
5,104,400,H05_0104_03,81,42,21,21,5,cpu_bound,1,0.14,0.94,5,3,69,1,1,0,0,1,8,9,3,2,4,0.5,0.5,0
5,104,400,H05_0104_04,235,5,2,3,2,interativo,1,0.36,1.89,5,1,136,1,2,57,1,1,3,9,3,2,4,0.4,0.6,0
5,104,400,H05_0104_05,61,27,22,5,5,batch,0,0.0,0.0,0,3,209,1,9,127,0,1,8,9,3,2,4,0.8148,0.1852,0
5,104,400,H05_0104_06,343,22,15,7,2,misto,1,0.66,1.67,4,2,37,1,3,40,0,0.8545,4,9,3,2,4,0.6818,0.3182,0
5,104,400,H05_0104_07,279,27,21,6,4,cpu_bound,0,0.0,0.0,0,3,75,1,5,54,0,1,8,9,3,2,4,0.7778,0.2222,0
5,104,400,H05_0104_08,50,11,9,2,1,interativo,1,0.41,1.93,3,1,310,1,1,12,1,1,3,9,3,2,4,0.8182,0.1818,1
5,104,400,H05_0104_09,15,11,7,4,4,misto,1,0.64,3.11,4,2,9,1,6,4,0,0.2545,4,9,3,2,4,0.6364,0.3636,0
5,105,363,H05_0105_01,237,45,21,24,4,batch,0,0.0,0.0,0,3,24,1,2,17,0,0.5273,8,7,0,2,5,0.4667,0.5333,0
5,105,363,H05_0105_02,83,32,5,27,5,batch,0,0.0,0.0,0,3,127,1,3,101,0,1,8,7,0,2,5,0.1562,0.8438,0
5,105,363,H05_0105_03,249,34,3,31,5,batch,1,0.54,2.18,9,3,23,1,2,3,0,0.4636,8,7,0,2,5,0.0882,0.9118,0
5,105,363,H05_0105_04,279,40,2,38,5,cpu_bound,0,0.0,0.0,0,3,44,1,1,24,0,1,8,7,0,2,5,0.05,0.95,0
5,105,363,H05_0105_05,201,11,10,1,2,misto,0,0.0,0.0,0,2,19,1,7,14,0,0.5273,4,7,0,2,5,0.9091,0.0909,0
5,105,363,H05_0105_06,30,58,25,33,5,batch,0,0.0,0.0,0,3,183,1,8,79,0,1,8,7,0,2,5,0.431,0.569,0
5,105,363,H05_0105_07,132,22,16,6,4,misto,0,0.0,0.0,0,2,169,1,12,71,0,1,4,7,0,2,5,0.7273,0.2727,1
5,106,30,H05_0106_01,15,32,26,6,5,batch,0,0.0,0.0,0,3,15,1,11,0,0,0.3182,8,3,1,1,1,0.8125,0.1875,0
5,106,30,H05_0106_02,21,8,6,2,1,tempo_real,0,0.0,0.0,0,1,6,1,2,2,1,0.4564,2,3,1,1,1,0.75,0.25,1
5,106,30,H05_0106_03,6,19,7,12,3,io_bound,1,0.64,3.54,8,2,13,1,7,11,0,0.3727,4,3,1,1,1,0.3684,0.6316,0
5,107,211,H05_0107_01,159,19,9,10,4,misto,1,0.69,1.74,8,2,45,1,2,3,0,0.9091,4,8,3,3,2,0.4737,0.5263,0
5,107,211,H05_0107_02,46,7,1,6,2,interativo,1,0.53,1.51,4,1,96,1,1,101,1,1,3,8,3,3,2,0.1429,0.8571,1
5,107,211,H05_0107_03,165,30,12,18,4,misto,0,0.0,0.0,0,2,5,1,12,2,0,0.1818,4,8,3,3,2,0.4,0.6,0
5,107,211,H05_0107_04,77,24,14,10,4,batch,1,0.48,3.45,9,3,52,1,1,16,0,1,8,8,3,3,2,0.5833,0.4167,0
5,107,211,H05_0107_05,145,7,1,6,3,interativo,0,0.0,0.0,0,1,9,1,1,14,1,0.42,3,8,3,3,2,0.1429,0.8571,0
5,107,211,H05_0107_06,188,11,1,10,2,interativo,1,0.52,2.41,4,1,9,1,1,12,1,0.4655,3,8,3,3,2,0.0909,0.9091,0
5,107,211,H05_0107_07,158,50,20,30,4,batch,1,0.5,2.87,5,3,35,1,1,7,0,0.9073,8,8,3,3,2,0.4,0.6,0
5,107,211,H05_0107_08,140,20,11,9,2,misto,0,0.0,0.0,0,2,28,1,2,9,0,0.6909,4,8,3,3,2,0.55,0.45,0
5,108,167,H05_0108_01,82,50,43,7,5,batch,1,0.25,2.78,7,3,71,1,9,26,0,1,8,6,0,4,2,0.86,0.14,0
5,108,167,H05_0108_02,16,29,14,15,2,misto,1,0.6,3.67,6,2,59,1,5,30,0,1,4,6,0,4,2,0.4828,0.5172,1
5,108,167,H05_0108_03,153,50,42,8,5,cpu_bound,0,0.0,0.0,0,3,14,1,6,7,0,0.3,8,6,0,4,2,0.84,0.16,0
5,108,167,H05_0108_04,144,30,29,1,3,misto,1,0.49,3.0,8,2,16,1,11,0,0,0.4273,4,6,0,4,2,0.9667,0.0333,0
5,108,167,H05_0108_05,58,19,5,14,3,io_bound,1,0.83,4.44,6,2,13,1,4,13,0,0.3727,4,6,0,4,2,0.2632,0.7368,0
5,108,167,H05_0108_06,47,30,17,13,4,misto,0,0.0,0.0,0,2,50,1,9,0,0,1,4,6,0,4,2,0.5667,0.4333,0
5,109,408,H05_0109_01,259,63,48,15,4,cpu_bound,1,0.13,0.97,6,3,54,1,5,58,0,1,8,3,1,1,1,0.7619,0.2381,0
5,109,408,H05_0109_02,297,20,0,20,3,io_bound,1,0.88,3.99,4,2,76,0,0,0,0,1,4,3,1,1,1,0.0,1.0,1
5,109,408,H05_0109_03,356,5,0,5,1,tempo_real,0,0.0,0.0,0,1,27,0,0,0,1,0.8382,2,3,1,1,1,0.0,1.0,0
5,110,341,H05_0110_01,47,59,4,55,4,cpu_bound,1,0.16,0.49,5,3,291,1,1,2,0,1,8,7,1,3,3,0.0678,0.9322,0
5,110,341,H05_0110_02,2,46,29,17,3,cpu_bound,0,0.0,0.0,0,3,279,1,8,19,0,1,8,7,1,3,3,0.6304,0.3696,1
5,110,341,H05_0110_03,175,11,9,2,2,io_bound,1,0.73,3.06,8,2,49,1,2,16,0,1,4,7,1,3,3,0.8182,0.1818,0
5,110,341,H05_0110_04,53,7,0,7,1,tempo_real,1,0.16,0.57,3,1,11,0,0,0,1,0.5473,2,7,1,3,3,0.0,1.0,0
5,110,341,H05_0110_05,200,11,8,3,3,io_bound,1,0.81,3.8,7,2,51,1,5,38,0,1,4,7,1,3,3,0.7273,0.2727,0
5,110,341,H05_0110_06,154,24,5,19,5,batch,1,0.36,1.64,6,3,148,1,2,44,0,1,8,7,1,3,3,0.2083,0.7917,0
5,110,341,H05_0110_07,287,12,3,9,3,io_bound,1,0.56,2.79,9,2,36,1,2,5,0,0.7909,4,7,1,3,3,0.25,0.75,0
5,111,5,H05_0111_01,5,36,27,9,5,cpu_bound,0,0.0,0.0,0,3,0,1,5,1,0,0.0455,8,7,2,3,2,0.75,0.25,0
5,111,5,H05_0111_02,2,13,10,3,2,interativo,1,0.3,1.21,4,1,0,1,5,2,1,0.3018,3,7,2,3,2,0.7692,0.2308,1
5,111,5,H05_0111_03,3,45,28,17,5,cpu_bound,0,0.0,0.0,0,3,0,1,9,0,0,0.0455,8,7,2,3,2,0.6222,0.3778,0
5,111,5,H05_0111_04,0,27,20,7,3,misto,1,0.31,2.66,5,2,1,1,9,3,0,0.1545,4,7,2,3,2,0.7407,0.2593,0
5,111,5,H05_0111_05,0,10,8,2,3,misto,1,0.69,3.95,3,2,4,1,1,7,0,0.2091,4,7,2,3,2,0.8,0.2,0
5,111,5,H05_0111_06,5,9,2,7,3,interativo,0,0.0,0.0,0,1,0,1,1,2,1,0.2564,3,7,2,3,2,0.2222,0.7778,0
5,111,5,H05_0111_07,2,13,6,7,3,misto,1,0.67,3.13,4,2,2,1,5,1,0,0.1727,4,7,2,3,2,0.4615,0.5385,0
5,112,62,H05_0112_01,38,12,11,1,2,io_bound,1,0.86,4.63,5,2,6,1,4,5,0,0.2909,4,7,1,2,4,0.9167,0.0833,1
5,112,62,H05_0112_02,28,52,22,30,5,cpu_bound,0,0.0,0.0,0,3,8,1,10,13,0,0.1909,8,7,1,2,4,0.4231,0.5769,0
5,112,62,H05_0112_03,61,44,6,38,4,batch,1,0.4,2.05,7,3,0,1,5,1,0,0.0909,8,7,1,2,4,0.1364,0.8636,0
5,112,62,H05_0112_04,3,25,19,6,5,batch,1,0.42,3.25,11,3,51,1,10,14,0,1,8,7,1,2,4,0.76,0.24,0
5,112,62,H05_0112_05,2,45,33,12,5,cpu_bound,0,0.0,0.0,0,3,4,1,6,4,0,0.1182,8,7,1,2,4,0.7333,0.2667,0
5,112,62,H05_0112_06,47,6,1,5,2,interativo,1,0.44,1.5,5,1,11,1,1,10,1,0.5018,3,7,1,2,4,0.1667,0.8333,0
5,112,62,H05_0112_07,33,6,3,3,3,io_bound,1,0.87,2.61,12,2,7,1,3,1,0,0.2636,4,7,1,2,4,0.5,0.5,0
5,113,27,H05_0113_01,2,16,3,13,4,misto,1,0.64,3.93,9,2,20,1,2,1,0,0.4545,4,3,1,2,0,0.1875,0.8125,0
5,113,27,H05_0113_02,12,12,10,2,2,interativo,0,0.0,0.0,0,1,0,1,1,0,1,0.3018,3,3,1,2,0,0.8333,0.1667,1
5,113,27,H05_0113_03,10,13,1,12,2,io_bound,1,0.85,5.64,11,2,10,1,1,9,0,0.3636,4,3,1,2,0,0.0769,0.9231,0
5,114,166,H05_0114_01,129,12,10,2,3,io_bound,1,0.62,5.1,8,2,23,1,1,13,0,0.5545,4,3,1,2,0,0.8333,0.1667,0
5,114,166,H05_0114_02,56,7,0,7,1,tempo_real,0,0.0,0.0,0,1,12,0,0,0,1,0.5655,2,3,1,2,0,0.0,1.0,1
5,114,166,H05_0114_03,153,9,3,6,3,io_bound,1,0.87,5.76,4,2,8,1,2,5,0,0.2818,4,3,1,2,0,0.3333,0.6667,0
5,115,122,H05_0115_01,32,53,8,45,3,cpu_bound,0,0.0,0.0,0,3,66,1,8,41,0,1,8,4,0,2,2,0.1509,0.8491,0
5,115,122,H05_0115_02,112,21,5,16,5,batch,0,0.0,0.0,0,3,5,1,3,5,0,0.1364,8,4,0,2,2,0.2381,0.7619,0
5,115,122,H05_0115_03,122,14,1,13,3,io_bound,1,0.87,5.79,6,2,0,1,1,1,0,0.1364,4,4,0,2,2,0.0714,0.9286,0
5,115,122,H05_0115_04,29,8,5,3,3,io_bound,1,0.81,5.8,12,2,92,1,2,89,0,1,4,4,0,2,2,0.625,0.375,1
5,116,322,H05_0116_01,200,20,1,19,2,misto,0,0.0,0.0,0,2,54,1,1,1,0,1,4,6,1,4,1,0.05,0.95,0
5,116,322,H05_0116_02,145,18,13,5,4,misto,1,0.48,3.71,7,2,100,1,12,80,0,1,4,6,1,4,1,0.7222,0.2778,0
5,116,322,H05_0116_03,28,15,6,9,3,io_bound,1,0.6,2.58,8,2,251,1,3,245,0,1,4,6,1,4,1,0.4,0.6,1
5,116,322,H05_0116_04,135,26,10,16,4,misto,1,0.44,2.22,3,2,77,1,10,14,0,1,4,6,1,4,1,0.3846,0.6154,0
5,116,322,H05_0116_05,36,6,4,2,2,interativo,1,0.49,2.19,4,1,127,1,2,4,1,1,3,6,1,4,1,0.6667,0.3333,0
5,116,322,H05_0116_06,210,54,17,37,5,batch,0,0.0,0.0,0,3,17,1,1,2,0,0.3545,8,6,1,4,1,0.3148,0.6852,0
5,117,324,H05_0117_01,200,62,42,20,4,cpu_bound,0,0.0,0.0,0,3,123,1,3,78,0,1,8,9,3,2,4,0.6774,0.3226,0
5,117,324,H05_0117_02,118,3,0,3,1,tempo_real,0,0.0,0.0,0,1,98,0,0,0,1,1,2,9,3,2,4,0.0,1.0,0
5,117,324,H05_0117_03,305,14,5,9,2,interativo,1,0.54,2.41,6,1,1,1,2,0,1,0.32,3,9,3,2,4,0.3571,0.6429,0
5,117,324,H05_0117_04,48,39,16,23,4,cpu_bound,0,0.0,0.0,0,3,232,1,6,144,0,1,8,9,3,2,4,0.4103,0.5897,1
5,117,324,H05_0117_05,91,56,7,49,5,batch,0,0.0,0.0,0,3,29,1,2,27,0,0.7527,8,9,3,2,4,0.125,0.875,0
5,117,324,H05_0117_06,80,18,15,3,3,io_bound,1,0.77,4.37,12,2,114,1,8,0,0,1,4,9,3,2,4,0.8333,0.1667,0
5,117,324,H05_0117_07,163,21,14,7,5,batch,0,0.0,0.0,0,3,156,1,10,39,0,1,8,9,3,2,4,0.6667,0.3333,0
5,117,324,H05_0117_08,210,16,2,14,3,io_bound,1,0.89,3.9,7,2,11,1,2,2,0,0.3364,4,9,3,2,4,0.125,0.875,0
5,117,324,H05_0117_09,133,12,10,2,2,interativo,0,0.0,0.0,0,1,67,1,6,65,1,1,3,9,3,2,4,0.8333,0.1667,0
5,118,7,H05_0118_01,1,9,3,6,2,interativo,0,0.0,0.0,0,1,6,1,3,11,1,0.4109,3,9,7,0,2,0.3333,0.6667,0
5,118,7,H05_0118_02,2,8,5,3,1,tempo_real,1,0.19,0.66,3,1,4,1,1,6,1,0.42,2,9,7,0,2,0.625,0.375,1
5,118,7,H05_0118_03,3,7,3,4,1,tempo_real,0,0.0,0.0,0,1,0,1,1,2,1,0.3473,2,9,7,0,2,0.4286,0.5714,0
5,118,7,H05_0118_04,3,14,11,3,2,interativo,1,0.46,1.56,6,1,4,1,10,2,1,0.3745,3,9,7,0,2,0.7857,0.2143,0
5,118,7,H05_0118_05,6,5,0,5,2,interativo,1,0.55,2.74,6,1,1,0,0,0,1,0.32,3,9,7,0,2,0.0,1.0,0
5,118,7,H05_0118_06,2,60,13,47,3,cpu_bound,0,0.0,0.0,0,3,1,1,9,3,0,0.1545,8,9,7,0,2,0.2167,0.7833,0
5,118,7,H05_0118_07,0,16,3,13,2,interativo,1,0.36,2.55,6,1,6,1,3,6,1,0.4109,3,9,7,0,2,0.1875,0.8125,0
5,118,7,H05_0118_08,5,5,3,2,2,interativo,0,0.0,0.0,0,1,1,1,2,1,1,0.32,3,9,7,0,2,0.6,0.4,0
5,118,7,H05_0118_09,4,55,4,51,5,batch,1,0.4,2.49,12,3,0,1,1,2,0,0.0455,8,9,7,0,2,0.0727,0.9273,0
5,119,346,H05_0119_01,138,65,22,43,5,cpu_bound,0,0.0,0.0,0,3,26,1,9,11,0,0.6982,8,6,2,1,3,0.3385,0.6615,0
5,119,346,H05_0119_02,252,33,17,16,5,batch,1,0.3,3.32,4,3,33,1,4,31,0,0.8255,8,6,2,1,3,0.5152,0.4848,0
5,119,346,H05_0119_03,3,5,2,3,1,tempo_real,0,0.0,0.0,0,1,290,1,2,47,1,1,2,6,2,1,3,0.4,0.6,1
5,119,346,H05_0119_04,16,6,5,1,2,interativo,1,0.36,1.1,4,1,133,1,3,89,1,1,3,6,2,1,3,0.8333,0.1667,0
5,119,346,H05_0119_05,44,20,4,16,3,io_bound,1,0.58,5.96,6,2,227,1,2,8,0,1,4,6,2,1,3,0.2,0.8,0
5,119,346,H05_0119_06,289,58,38,20,5,batch,1,0.5,2.09,4,3,29,1,3,23,0,0.7527,8,6,2,1,3,0.6552,0.3448,0
5,120,251,H05_0120_01,89,21,14,7,3,misto,1,0.43,2.92,5,2,157,1,7,105,0,1,4,9,1,4,4,0.6667,0.3333,1
5,120,251,H05_0120_02,56,13,1,12,3,misto,1,0.61,1.72,3,2,68,1,1,12,0,1,4,9,1,4,4,0.0769,0.9231,0
5,120,251,H05_0120_03,109,54,51,3,5,batch,0,0.0,0.0,0,3,61,1,3,16,0,1,8,9,1,4,4,0.9444,0.0556,0
5,120,251,H05_0120_04,112,65,20,45,4,cpu_bound,1,0.12,0.78,6,3,42,1,9,36,0,1,8,9,1,4,4,0.3077,0.6923,0
5,120,251,H05_0120_05,40,14,9,5,1,interativo,1,0.46,2.87,4,1,86,1,2,53,1,1,3,9,1,4,4,0.6429,0.3571,0
5,120,251,H05_0120_06,190,35,6,29,3,cpu_bound,1,0.11,0.89,3,3,3,1,6,2,0,0.1909,8,9,1,4,4,0.1714,0.8286,0
5,120,251,H05_0120_07,153,23,11,12,5,batch,0,0.0,0.0,0,3,97,1,10,10,0,1,8,9,1,4,4,0.4783,0.5217,0
5,120,251,H05_0120_08,159,9,7,2,2,io_bound,1,0.75,3.11,11,2,4,1,7,4,0,0.2545,4,9,1,4,4,0.7778,0.2222,0
5,120,251,H05_0120_09,61,13,6,7,3,io_bound,1,0.6,2.59,4,2,1,1,2,0,0,0.1545,4,9,1,4,4,0.4615,0.5385,0
5,121,98,H05_0121_01,82,28,16,12,4,misto,0,0.0,0.0,0,2,6,1,9,6,0,0.2,4,9,3,4,2,0.5714,0.4286,0
5,121,98,H05_0121_02,18,52,25,27,4,cpu_bound,0,0.0,0.0,0,3,65,1,5,28,0,1,8,9,3,4,2,0.4808,0.5192,0
5,121,98,H05_0121_03,19,24,0,24,4,misto,1,0.6,2.17,4,2,49,0,0,0,0,0.9818,4,9,3,4,2,0.0,1.0,0
5,121,98,H05_0121_04,40,13,1,12,3,io_bound,1,0.72,5.5,12,2,0,1,1,3,0,0.1364,4,9,3,4,2,0.0769,0.9231,0
5,121,98,H05_0121_05,29,14,5,9,2,interativo,1,0.44,2.7,6,1,19,1,2,8,1,0.6473,3,9,3,4,2,0.3571,0.6429,0
5,121,98,H05_0121_06,12,13,11,2,2,interativo,1,0.49,1.19,2,1,80,1,5,78,1,1,3,9,3,4,2,0.8462,0.1538,1
5,121,98,H05_0121_07,12,63,29,34,4,cpu_bound,0,0.0,0.0,0,3,67,1,1,14,0,1,8,9,3,4,2,0.4603,0.5397,0
5,121,98,H05_0121_08,20,10,0,10,2,interativo,1,0.41,1.38,6,1,22,0,0,0,1,0.7018,3,9,3,4,2,0.0,1.0,0
5,121,98,H05_0121_09,56,16,14,2,2,io_bound,0,0.0,0.0,0,2,17,1,12,21,0,0.4909,4,9,3,4,2,0.875,0.125,0
5,122,308,H05_0122_01,45,15,7,8,3,io_bound,1,0.58,5.99,6,2,255,1,5,162,0,1,4,5,2,2,1,0.4667,0.5333,1
5,122,308,H05_0122_02,45,19,4,15,4,io_bound,1,0.78,5.33,8,2,105,1,1,89,0,1,4,5,2,2,1,0.2105,0.7895,0
5,122,308,H05_0122_03,49,6,1,5,1,tempo_real,0,0.0,0.0,0,1,118,1,1,99,1,1,2,5,2,2,1,0.1667,0.8333,0
5,122,308,H05_0122_04,143,58,13,45,4,cpu_bound,1,0.18,0.85,2,3,79,1,5,30,0,1,8,5,2,2,1,0.2241,0.7759,0
5,122,308,H05_0122_05,178,12,7,5,1,interativo,1,0.46,1.86,3,1,2,1,2,4,1,0.3836,3,5,2,2,1,0.5833,0.4167,0
5,123,266,H05_0123_01,13,14,12,2,4,io_bound,1,0.67,5.97,5,2,80,1,7,34,0,1,4,9,3,5,1,0.8571,0.1429,0
5,123,266,H05_0123_02,199,18,13,5,3,io_bound,1,0.61,3.03,6,2,25,1,8,10,0,0.5909,4,9,3,5,1,0.7222,0.2778,0
5,123,266,H05_0123_03,49,14,13,1,2,interativo,1,0.53,1.48,6,1,139,1,1,129,1,1,3,9,3,5,1,0.9286,0.0714,1
5,123,266,H05_0123_04,88,11,5,6,2,interativo,0,0.0,0.0,0,1,13,1,2,14,1,0.5382,3,9,3,5,1,0.4545,0.5455,0
5,123,266,H05_0123_05,122,15,13,2,3,io_bound,1,0.8,3.7,7,2,73,1,9,57,0,1,4,9,3,5,1,0.8667,0.1333,0
5,123,266,H05_0123_06,0,17,12,5,2,io_bound,0,0.0,0.0,0,2,214,1,1,219,0,1,4,9,3,5,1,0.7059,0.2941,0
5,123,266,H05_0123_07,203,26,21,5,2,misto,0,0.0,0.0,0,2,18,1,2,21,0,0.5091,4,9,3,5,1,0.8077,0.1923,0
5,123,266,H05_0123_08,84,42,35,7,3,cpu_bound,0,0.0,0.0,0,3,80,1,9,25,0,1,8,9,3,5,1,0.8333,0.1667,0
5,123,266,H05_0123_09,130,16,1,15,2,interativo,1,0.65,1.66,3,1,63,1,1,42,1,1,3,9,3,5,1,0.0625,0.9375,0
5,124,236,H05_0124_01,108,6,5,1,3,io_bound,1,0.62,5.89,8,2,35,1,1,15,0,0.7727,4,9,2,6,1,0.8333,0.1667,0
5,124,236,H05_0124_02,5,16,7,9,3,io_bound,1,0.74,3.64,11,2,56,1,3,23,0,1,4,9,2,6,1,0.4375,0.5625,0
5,124,236,H05_0124_03,19,10,1,9,4,io_bound,1,0.8,5.72,4,2,125,1,1,39,0,1,4,9,2,6,1,0.1,0.9,0
5,124,236,H05_0124_04,215,15,9,6,3,misto,0,0.0,0.0,0,2,18,1,9,6,0,0.4636,4,9,2,6,1,0.6,0.4,0
5,124,236,H05_0124_05,168,11,6,5,4,io_bound,1,0.7,5.68,7,2,29,1,2,30,0,0.6182,4,9,2,6,1,0.5455,0.4545,0
5,124,236,H05_0124_06,172,15,1,14,4,misto,1,0.54,2.66,5,2,20,1,1,15,0,0.4545,4,9,2,6,1,0.0667,0.9333,0
5,124,236,H05_0124_07,85,63,51,12,5,cpu_bound,0,0.0,0.0,0,3,12,1,6,8,0,0.2636,8,9,2,6,1,0.8095,0.1905,0
5,124,236,H05_0124_08,118,10,5,5,1,tempo_real,0,0.0,0.0,0,1,8,1,2,6,1,0.4927,2,9,2,6,1,0.5,0.5,0
5,124,236,H05_0124_09,32,16,14,2,2,interativo,1,0.5,2.84,5,1,127,1,9,130,1,1,3,9,2,6,1,0.875,0.125,1
5,125,186,H05_0125_01,127,15,5,10,3,misto,1,0.64,3.46,5,2,40,1,2,30,0,0.8636,4,8,1,2,5,0.3333,0.6667,0
5,125,186,H05_0125_02,174,54,27,27,4,cpu_bound,1,0.24,0.27,3,3,12,1,8,12,0,0.3091,8,8,1,2,5,0.5,0.5,0
5,125,186,H05_0125_03,171,22,12,10,5,batch,1,0.48,1.3,11,3,7,1,10,0,0,0.1727,8,8,1,2,5,0.5455,0.4545,0
5,125,186,H05_0125_04,121,60,2,58,3,cpu_bound,0,0.0,0.0,0,3,17,1,2,19,0,0.4455,8,8,1,2,5,0.0333,0.9667,0
5,125,186,H05_0125_05,83,27,0,27,2,misto,1,0.52,1.82,8,2,73,0,0,0,0,1,4,8,1,2,5,0.0,1.0,0
5,125,186,H05_0125_06,47,12,9,3,2,interativo,0,0.0,0.0,0,1,84,1,2,69,1,1,3,8,1,2,5,0.75,0.25,1
5,125,186,H05_0125_07,28,20,11,9,5,batch,0,0.0,0.0,0,3,84,1,2,50,0,1,8,8,1,2,5,0.55,0.45,0
5,125,186,H05_0125_08,112,43,22,21,3,cpu_bound,0,0.0,0.0,0,3,27,1,4,30,0,0.8073,8,8,1,2,5,0.5116,0.4884,0
6,126,298,H06_0126_01,158,14,13,1,3,io_bound,1,0.69,4.99,8,2,140,1,3,37,0,1,4,4,1,1,2,0.9286,0.0714,1
6,126,298,H06_0126_02,183,8,5,3,2,interativo,1,0.33,1.6,3,1,46,1,2,14,1,1,3,4,1,1,2,0.625,0.375,0
6,126,298,H06_0126_03,147,56,43,13,3,cpu_bound,0,0.0,0.0,0,3,106,1,7,86,0,1,8,4,1,1,2,0.7679,0.2321,0
6,126,298,H06_0126_04,249,50,18,32,4,batch,1,0.53,2.34,6,3,18,1,11,8,0,0.4182,8,4,1,1,2,0.36,0.64,0
6,127,358,H06_0127_01,195,33,23,10,5,cpu_bound,0,0.0,0.0,0,3,143,1,9,74,0,1,8,8,2,3,3,0.697,0.303,0
6,127,358,H06_0127_02,328,20,6,14,3,io_bound,1,0.83,2.93,6,2,18,1,5,21,0,0.4636,4,8,2,3,3,0.3,0.7,0
6,127,358,H06_0127_03,128,43,26,17,5,cpu_bound,0,0.0,0.0,0,3,88,1,3,24,0,1,8,8,2,3,3,0.6047,0.3953,0
6,127,358,H06_0127_04,268,11,8,3,2,io_bound,1,0.81,4.18,6,2,25,1,7,2,0,0.6364,4,8,2,3,3,0.7273,0.2727,0
6,127,358,H06_0127_05,351,7,1,6,3,io_bound,1,0.7,2.72,5,2,7,1,1,9,0,0.2636,4,8,2,3,3,0.1429,0.8571,0
6,127,358,H06_0127_06,159,23,18,5,5,batch,1,0.55,1.32,5,3,26,1,10,1,0,0.6982,8,8,2,3,3,0.7826,0.2174,0
6,127,358,H06_0127_07,57,3,0,3,2,tempo_real,1,0.1,0.62,1,1,174,0,0,0,1,1,2,8,2,3,3,0.0,1.0,1
6,127,358,H06_0127_08,328,7,2,5,1,interativo,1,0.44,1.35,2,1,30,1,2,6,1,0.8927,3,8,2,3,3,0.2857,0.7143,0
6,128,231,H06_0128_01,142,12,9,3,2,io_bound,1,0.68,5.99,7,2,65,1,8,55,0,1,4,3,2,1,0,0.75,0.25,0
6,128,231,H06_0128_02,59,7,4,3,2,tempo_real,0,0.0,0.0,0,1,139,1,3,25,1,1,2,3,2,1,0,0.5714,0.4286,1
6,128,231,H06_0128_03,221,9,3,6,1,tempo_real,1,0.12,0.69,1,1,7,1,1,9,1,0.4745,2,3,2,1,0,0.3333,0.6667,0
6,129,88,H06_0129_01,63,63,55,8,3,cpu_bound,1,0.07,0.35,2,3,19,1,10,19,0,0.4818,8,9,1,5,3,0.873,0.127,0
6,129,88,H06_0129_02,28,21,1,20,3,misto,1,0.46,3.84,3,2,1,1,1,4,0,0.1545,4,9,1,5,3,0.0476,0.9524,0
6,129,88,H06_0129_03,53,7,1,6,4,io_bound,1,0.71,2.9,9,2,15,1,1,20,0,0.3636,4,9,1,5,3,0.1429,0.8571,0
6,129,88,H06_0129_04,70,10,7,3,2,interativo,1,0.53,2.02,4,1,16,1,1,13,1,0.5927,3,9,1,5,3,0.7,0.3,1
6,129,88,H06_0129_05,72,28,10,18,5,batch,0,0.0,0.0,0,3,11,1,9,16,0,0.2455,8,9,1,5,3,0.3571,0.6429,0
6,129,88,H06_0129_06,69,44,5,39,5,cpu_bound,0,0.0,0.0,0,3,12,1,2,17,0,0.2636,8,9,1,5,3,0.1136,0.8864,0
6,129,88,H06_0129_07,14,13,8,5,3,misto,1,0.32,2.32,5,2,11,1,7,14,0,0.3364,4,9,1,5,3,0.6154,0.3846,0
6,129,88,H06_0129_08,28,10,0,10,4,io_bound,1,0.83,5.88,11,2,9,0,0,0,0,0.2545,4,9,1,5,3,0.0,1.0,0
6,129,88,H06_0129_09,72,14,12,2,3,misto,0,0.0,0.0,0,2,11,1,3,12,0,0.3364,4,9,1,5,3,0.8571,0.1429,0
6,130,240,H06_0130_01,57,6,0,6,3,io_bound,1,0.56,5.44,5,2,64,0,0,0,0,1,4,6,2,3,1,0.0,1.0,0
6,130,240,H06_0130_02,194,58,20,38,5,cpu_bound,0,0.0,0.0,0,3,12,1,10,5,0,0.2636,8,6,2,3,1,0.3448,0.6552,0
6,130,240,H06_0130_03,203,13,7,6,2,io_bound,1,0.76,5.96,11,2,36,1,3,1,0,0.8364,4,6,2,3,1,0.5385,0.4615,0
6,130,240,H06_0130_04,219,13,10,3,2,interativo,1,0.6,1.91,6,1,6,1,4,0,1,0.4109,3,6,2,3,1,0.7692,0.2308,0
6,130,240,H06_0130_05,125,5,1,4,2,interativo,1,0.57,1.38,4,1,108,1,1,99,1,1,3,6,2,3,1,0.2,0.8,1
6,130,240,H06_0130_06,130,25,13,12,4,misto,1,0.6,2.37,5,2,71,1,1,55,0,1,4,6,2,3,1,0.52,0.48,0
6,131,299,H06_0131_01,185,13,3,10,2,interativo,1,0.53,2.22,3,1,28,1,2,22,1,0.8109,3,5,1,3,1,0.2308,0.7692,0
6,131,299,H06_0131_02,49,17,12,5,3,misto,1,0.31,2.21,8,2,14,1,9,15,0,0.3909,4,5,1,3,1,0.7059,0.2941,0
6,131,299,H06_0131_03,103,19,14,5,3,io_bound,1,0.82,4.09,8,2,33,1,3,24,0,0.7364,4,5,1,3,1,0.7368,0.2632,0
6,131,299,H06_0131_04,2,27,12,15,5,batch,0,0.0,0.0,0,3,196,1,12,58,0,1,8,5,1,3,1,0.4444,0.5556,1
6,131,299,H06_0131_05,184,17,3,14,4,io_bound,1,0.87,3.69,10,2,112,1,2,90,0,1,4,5,1,3,1,0.1765,0.8235,0
6,132,342,H06_0132_01,272,22,14,8,4,cpu_bound,0,0.0,0.0,0,3,21,1,7,9,0,0.4727,8,3,2,0,1,0.6364,0.3636,0
6,132,342,H06_0132_02,153,3,2,1,1,tempo_real,1,0.16,0.41,3,1,78,1,2,77,1,1,2,3,2,0,1,0.6667,0.3333,1
6,132,342,H06_0132_03,315,8,6,2,2,interativo,0,0.0,0.0,0,1,19,1,5,4,1,0.6473,3,3,2,0,1,0.75,0.25,0
6,133,21,H06_0133_01,1,11,10,1,2,io_bound,1,0.67,5.5,7,2,0,1,8,5,0,0.1818,4,7,3,1,3,0.9091,0.0909,0
6,133,21,H06_0133_02,13,13,2,11,1,interativo,0,0.0,0.0,0,1,0,1,1,2,1,0.3473,3,7,3,1,3,0.1538,0.8462,0
6,133,21,H06_0133_03,18,52,44,8,4,cpu_bound,0,0.0,0.0,0,3,0,1,2,2,0,0.0909,8,7,3,1,3,0.8462,0.1538,0
6,133,21,H06_0133_04,2,50,14,36,4,cpu_bound,0,0.0,0.0,0,3,9,1,3,10,0,0.2545,8,7,3,1,3,0.28,0.72,0
6,133,21,H06_0133_05,20,5,3,2,1,tempo_real,0,0.0,0.0,0,1,1,1,1,1,1,0.3655,2,7,3,1,3,0.6,0.4,0
6,133,21,H06_0133_06,7,64,51,13,3,cpu_bound,1,0.13,0.61,4,3,3,1,11,5,0,0.1909,8,7,3,1,3,0.7969,0.2031,0
6,133,21,H06_0133_07,3,6,5,1,2,tempo_real,0,0.0,0.0,0,1,8,1,2,5,1,0.4473,2,7,3,1,3,0.8333,0.1667,1
6,134,248,H06_0134_01,17,3,1,2,1,tempo_real,0,0.0,0.0,0,1,175,1,1,95,1,1,2,7,1,3,3,0.3333,0.6667,1
6,134,248,H06_0134_02,197,28,11,17,3,cpu_bound,0,0.0,0.0,0,3,30,1,11,9,0,0.8618,8,7,1,3,3,0.3929,0.6071,0
6,134,248,H06_0134_03,135,31,27,4,4,batch,1,0.3,3.26,12,3,29,1,11,12,0,0.7982,8,7,1,3,3,0.871,0.129,0
6,134,248,H06_0134_04,229,28,3,25,3,misto,1,0.61,2.69,7,2,12,1,3,8,0,0.3545,4,7,1,3,3,0.1071,0.8929,0
6,134,248,H06_0134_05,31,52,26,26,5,batch,0,0.0,0.0,0,3,106,1,12,108,0,1,8,7,1,3,3,0.5,0.5,0
6,134,248,H06_0134_06,217,11,8,3,3,misto,1,0.39,1.79,8,2,21,1,8,10,0,0.5182,4,7,1,3,3,0.7273,0.2727,0
6,134,248,H06_0134_07,71,22,11,11,4,misto,0,0.0,0.0,0,2,17,1,5,18,0,0.4,4,7,1,3,3,0.5,0.5,0
6,135,130,H06_0135_01,58,6,3,3,1,tempo_real,0,0.0,0.0,0,1,60,1,2,59,1,1,2,3,2,1,0,0.5,0.5,1
6,135,130,H06_0135_02,75,10,0,10,3,interativo,0,0.0,0.0,0,1,50,0,0,0,1,1,3,3,2,1,0,0.0,1.0,0
6,135,130,H06_0135_03,37,17,12,5,3,misto,1,0.38,3.59,5,2,41,1,5,38,0,0.8818,4,3,2,1,0,0.7059,0.2941,0
6,136,417,H06_0136_01,168,12,10,2,1,interativo,1,0.61,2.69,6,1,30,1,8,21,1,0.8927,3,4,2,1,1,0.8333,0.1667,1
6,136,417,H06_0136_02,57,13,9,4,3,io_bound,1,0.59,2.65,11,2,16,1,4,1,0,0.4273,4,4,2,1,1,0.6923,0.3077,0
6,136,417,H06_0136_03,384,4,3,1,2,tempo_real,0,0.0,0.0,0,1,13,1,2,5,1,0.5382,2,4,2,1,1,0.75,0.25,0
6,136,417,H06_0136_04,252,58,11,47,5,batch,0,0.0,0.0,0,3,133,1,6,129,0,1,8,4,2,1,1,0.1897,0.8103,0
6,137,133,H06_0137_01,2,28,26,2,4,misto,0,0.0,0.0,0,2,123,1,3,90,0,1,4,6,2,3,1,0.9286,0.0714,0
6,137,133,H06_0137_02,128,12,5,7,2,interativo,0,0.0,0.0,0,1,1,1,3,3,1,0.32,3,6,2,3,1,0.4167,0.5833,0
6,137,133,H06_0137_03,69,7,1,6,1,interativo,1,0.55,2.73,3,1,50,1,1,39,1,1,3,6,2,3,1,0.1429,0.8571,1
6,137,133,H06_0137_04,3,53,22,31,5,cpu_bound,0,0.0,0.0,0,3,37,1,1,42,0,0.8982,8,6,2,3,1,0.4151,0.5849,0
6,137,133,H06_0137_05,113,15,5,10,3,io_bound,1,0.61,4.93,12,2,6,1,3,6,0,0.2455,4,6,2,3,1,0.3333,0.6667,0
6,137,133,H06_0137_06,5,24,0,24,4,misto,1,0.67,3.96,9,2,11,0,0,0,0,0.2909,4,6,2,3,1,0.0,1.0,0
6,138,389,H06_0138_01,48,16,14,2,2,interativo,1,0.53,1.52,4,1,33,1,12,36,1,0.9018,3,8,1,4,3,0.875,0.125,0
6,138,389,H06_0138_02,363,23,20,3,4,cpu_bound,1,0.16,0.34,2,3,8,1,10,11,0,0.2364,8,8,1,4,3,0.8696,0.1304,0
6,138,389,H06_0138_03,47,28,17,11,3,misto,1,0.48,3.24,4,2,158,1,5,55,0,1,4,8,1,4,3,0.6071,0.3929,0
6,138,389,H06_0138_04,370,6,5,1,3,io_bound,1,0.63,4.57,11,2,14,1,5,4,0,0.3909,4,8,1,4,3,0.8333,0.1667,0
6,138,389,H06_0138_05,10,47,41,6,3,cpu_bound,0,0.0,0.0,0,3,79,1,8,53,0,1,8,8,1,4,3,0.8723,0.1277,0
6,138,389,H06_0138_06,68,19,14,5,3,io_bound,1,0.68,4.56,10,2,182,1,5,55,0,1,4,8,1,4,3,0.7368,0.2632,1
6,138,389,H06_0138_07,252,23,22,1,5,batch,1,0.43,1.34,7,3,117,1,7,71,0,1,8,8,1,4,3,0.9565,0.0435,0
6,138,389,H06_0138_08,381,28,16,12,4,misto,1,0.46,1.9,9,2,4,1,9,4,0,0.1636,4,8,1,4,3,0.5714,0.4286,0
6,139,223,H06_0139_01,8,33,24,9,5,batch,1,0.5,2.61,10,3,5,1,6,3,0,0.1364,8,8,2,1,5,0.7273,0.2727,0
6,139,223,H06_0139_02,177,34,28,6,5,batch,1,0.31,2.1,9,3,24,1,5,18,0,0.4818,8,8,2,1,5,0.8235,0.1765,0
6,139,223,H06_0139_03,165,7,0,7,2,interativo,0,0.0,0.0,0,1,18,0,0,0,1,0.6291,3,8,2,1,5,0.0,1.0,0
6,139,223,H06_0139_04,82,60,11,49,5,batch,0,0.0,0.0,0,3,52,1,6,20,0,1,8,8,2,1,5,0.1833,0.8167,0
6,139,223,H06_0139_05,58,5,2,3,2,interativo,1,0.3,2.17,4,1,64,1,2,61,1,1,3,8,2,1,5,0.4,0.6,1
6,139,223,H06_0139_06,26,26,15,11,2,misto,1,0.44,2.67,8,2,69,1,4,31,0,1,4,8,2,1,5,0.5769,0.4231,0
6,139,223,H06_0139_07,177,47,27,20,3,cpu_bound,1,0.12,1.19,4,3,11,1,12,12,0,0.3364,8,8,2,1,5,0.5745,0.4255,0
6,139,223,H06_0139_08,69,48,30,18,3,cpu_bound,0,0.0,0.0,0,3,44,1,7,12,0,1,8,8,2,1,5,0.625,0.375,0
6,140,390,H06_0140_01,4,8,7,1,2,interativo,1,0.51,1.37,3,1,174,1,4,53,1,1,3,5,2,1,2,0.875,0.125,1
6,140,390,H06_0140_02,389,40,4,36,5,batch,1,0.43,1.77,5,3,1,1,1,4,0,0.0636,8,5,2,1,2,0.1,0.9,0
6,140,390,H06_0140_03,330,6,2,4,3,interativo,1,0.28,1.29,5,1,55,1,2,0,1,1,3,5,2,1,2,0.3333,0.6667,0
6,140,390,H06_0140_04,388,11,8,3,3,io_bound,1,0.73,5.45,10,2,1,1,1,5,0,0.1545,4,5,2,1,2,0.7273,0.2727,0
6,140,390,H06_0140_05,228,53,38,15,4,cpu_bound,0,0.0,0.0,0,3,12,1,8,2,0,0.3091,8,5,2,1,2,0.717,0.283,0
6,141,355,H06_0141_01,354,26,16,10,2,misto,1,0.52,3.7,8,2,1,1,11,5,0,0.2,4,8,1,4,3,0.6154,0.3846,0
6,141,355,H06_0141_02,89,38,37,1,5,batch,1,0.4,1.72,7,3,75,1,1,40,0,1,8,8,1,4,3,0.9737,0.0263,0
6,141,355,H06_0141_03,245,5,1,4,1,interativo,1,0.59,2.51,4,1,25,1,1,1,1,0.8018,3,8,1,4,3,0.2,0.8,0
6,141,355,H06_0141_04,223,36,17,19,4,cpu_bound,1,0.13,0.67,6,3,38,1,7,1,0,0.9618,8,8,1,4,3,0.4722,0.5278,0
6,141,355,H06_0141_05,206,17,16,1,3,io_bound,1,0.65,3.53,8,2,141,1,1,87,0,1,4,8,1,4,3,0.9412,0.0588,1
6,141,355,H06_0141_06,235,6,3,3,3,io_bound,1,0.64,3.33,8,2,3,1,3,2,0,0.1909,4,8,1,4,3,0.5,0.5,0
6,141,355,H06_0141_07,175,29,25,4,3,misto,0,0.0,0.0,0,2,127,1,7,92,0,1,4,8,1,4,3,0.8621,0.1379,0
6,141,355,H06_0141_08,153,28,14,14,5,cpu_bound,0,0.0,0.0,0,3,110,1,10,17,0,1,8,8,1,4,3,0.5,0.5,0
6,142,67,H06_0142_01,55,5,0,5,1,tempo_real,0,0.0,0.0,0,1,11,0,0,0,1,0.5473,2,9,4,2,3,0.0,1.0,0
6,142,67,H06_0142_02,46,6,3,3,2,interativo,0,0.0,0.0,0,1,5,1,1,0,1,0.3927,3,9,4,2,3,0.5,0.5,0
6,142,67,H06_0142_03,39,4,0,4,1,tempo_real,0,0.0,0.0,0,1,27,0,0,0,1,0.8382,2,9,4,2,3,0.0,1.0,1
6,142,67,H06_0142_04,36,64,29,35,3,cpu_bound,1,0.22,0.36,4,3,31,1,10,25,0,0.88,8,9,4,2,3,0.4531,0.5469,0
6,142,67,H06_0142_05,57,18,11,7,3,io_bound,1,0.62,2.79,9,2,7,1,1,1,0,0.2636,4,9,4,2,3,0.6111,0.3889,0
6,142,67,H06_0142_06,21,6,0,6,2,interativo,1,0.32,1.33,2,1,25,0,0,0,1,0.7564,3,9,4,2,3,0.0,1.0,0
6,142,67,H06_0142_07,13,29,9,20,2,misto,1,0.47,3.42,4,2,46,1,6,34,0,1,4,9,4,2,3,0.3103,0.6897,0
6,142,67,H06_0142_08,67,51,36,15,4,cpu_bound,1,0.22,0.31,4,3,0,1,10,3,0,0.0909,8,9,4,2,3,0.7059,0.2941,0
6,142,67,H06_0142_09,27,50,11,39,5,cpu_bound,0,0.0,0.0,0,3,39,1,5,41,0,0.9345,8,9,4,2,3,0.22,0.78,0
6,143,389,H06_0143_01,53,6,3,3,3,io_bound,1,0.59,5.76,12,2,19,1,2,19,0,0.4818,4,8,4,3,1,0.5,0.5,0
6,143,389,H06_0143_02,141,4,1,3,1,tempo_real,0,0.0,0.0,0,1,202,1,1,177,1,1,2,8,4,3,1,0.25,0.75,1
6,143,389,H06_0143_03,262,15,7,8,4,io_bound,1,0.77,4.16,7,2,27,1,6,6,0,0.5818,4,8,4,3,1,0.4667,0.5333,0
6,143,389,H06_0143_04,176,14,2,12,2,io_bound,1,0.85,3.53,9,2,33,1,2,24,0,0.7818,4,8,4,3,1,0.1429,0.8571,0
6,143,389,H06_0143_05,129,9,3,6,2,interativo,1,0.28,1.85,5,1,89,1,3,27,1,1,3,8,4,3,1,0.3333,0.6667,0
6,143,389,H06_0143_06,285,7,1,6,1,tempo_real,1,0.08,0.72,4,1,46,1,1,43,1,1,2,8,4,3,1,0.1429,0.8571,0
6,143,389,H06_0143_07,347,8,7,1,2,interativo,1,0.3,2.06,4,1,37,1,4,15,1,0.9745,3,8,4,3,1,0.875,0.125,0
6,143,389,H06_0143_08,317,26,14,12,5,cpu_bound,0,0.0,0.0,0,3,8,1,2,12,0,0.1909,8,8,4,3,1,0.5385,0.4615,0
6,144,138,H06_0144_01,113,55,52,3,3,cpu_bound,0,0.0,0.0,0,3,7,1,12,5,0,0.2636,8,4,3,0,1,0.9455,0.0545,0
6,144,138,H06_0144_02,18,8,2,6,2,interativo,1,0.63,2.4,6,1,67,1,1,36,1,1,3,4,3,0,1,0.25,0.75,1
6,144,138,H06_0144_03,75,9,4,5,1,tempo_real,0,0.0,0.0,0,1,11,1,3,4,1,0.5473,2,4,3,0,1,0.4444,0.5556,0
6,144,138,H06_0144_04,135,6,0,6,1,tempo_real,0,0.0,0.0,0,1,3,0,0,0,1,0.4018,2,4,3,0,1,0.0,1.0,0
6,145,247,H06_0145_01,166,56,29,27,4,batch,1,0.3,1.22,5,3,51,1,4,35,0,1,8,6,2,2,2,0.5179,0.4821,0
6,145,247,H06_0145_02,18,6,0,6,2,interativo,1,0.55,2.78,4,1,128,0,0,0,1,1,3,6,2,2,2,0.0,1.0,1
6,145,247,H06_0145_03,179,15,3,12,2,io_bound,1,0.68,4.09,7,2,39,1,3,5,0,0.8909,4,6,2,2,2,0.2,0.8,0
6,145,247,H06_0145_04,68,5,0,5,1,interativo,1,0.29,2.82,5,1,34,0,0,0,1,0.9655,3,6,2,2,2,0.0,1.0,0
6,145,247,H06_0145_05,81,65,11,54,5,cpu_bound,0,0.0,0.0,0,3,79,1,7,72,0,1,8,6,2,2,2,0.1692,0.8308,0
6,145,247,H06_0145_06,30,24,13,11,4,misto,1,0.68,3.53,9,2,141,1,2,112,0,1,4,6,2,2,2,0.5417,0.4583,0
6,146,55,H06_0146_01,48,32,6,26,5,batch,0,0.0,0.0,0,3,5,1,4,0,0,0.1364,8,7,2,4,1,0.1875,0.8125,0
6,146,55,H06_0146_02,25,10,9,1,4,misto,1,0.67,2.52,3,2,21,1,6,6,0,0.4727,4,7,2,4,1,0.9,0.1,0
6,146,55,H06_0146_03,8,16,10,6,4,misto,1,0.44,1.82,4,2,39,1,5,41,0,0.8,4,7,2,4,1,0.625,0.375,0
6,146,55,H06_0146_04,16,13,3,10,2,io_bound,1,0.6,3.26,5,2,35,1,3,18,0,0.8182,4,7,2,4,1,0.2308,0.7692,0
6,146,55,H06_0146_05,5,8,7,1,3,interativo,0,0.0,0.0,0,1,18,1,4,17,1,0.5836,3,7,2,4,1,0.875,0.125,1
6,146,55,H06_0146_06,21,15,6,9,3,io_bound,1,0.71,5.66,5,2,7,1,5,0,0,0.2636,4,7,2,4,1,0.4,0.6,0
6,146,55,H06_0146_07,4,9,0,9,2,interativo,1,0.27,2.41,5,1,2,0,0,0,1,0.3382,3,7,2,4,1,0.0,1.0,0
6,147,196,H06_0147_01,63,8,6,2,3,io_bound,1,0.62,2.79,8,2,1,1,3,1,0,0.1545,4,7,1,4,2,0.75,0.25,0
6,147,196,H06_0147_02,152,10,3,7,3,interativo,1,0.59,2.1,4,1,1,1,2,6,1,0.2745,3,7,1,4,2,0.3,0.7,0
6,147,196,H06_0147_03,94,14,9,5,3,io_bound,1,0.77,4.15,12,2,51,1,5,28,0,1,4,7,1,4,2,0.6429,0.3571,0
6,147,196,H06_0147_04,11,19,3,16,3,io_bound,1,0.86,2.78,6,2,28,1,1,18,0,0.6455,4,7,1,4,2,0.1579,0.8421,0
6,147,196,H06_0147_05,73,13,6,7,3,misto,1,0.5,2.64,9,2,121,1,2,26,0,1,4,7,1,4,2,0.4615,0.5385,1
6,147,196,H06_0147_06,147,57,9,48,4,cpu_bound,1,0.17,0.46,3,3,49,1,8,42,0,1,8,7,1,4,2,0.1579,0.8421,0
6,147,196,H06_0147_07,165,20,0,20,4,batch,0,0.0,0.0,0,3,9,0,0,0,0,0.2545,8,7,1,4,2,0.0,1.0,0
6,148,286,H06_0148_01,240,12,2,10,1,interativo,1,0.58,2.07,4,1,6,1,2,2,1,0.4564,3,6,3,1,2,0.1667,0.8333,0
6,148,286,H06_0148_02,80,7,2,5,2,interativo,1,0.58,2.57,3,1,2,1,2,0,1,0.3382,3,6,3,1,2,0.2857,0.7143,0
6,148,286,H06_0148_03,23,63,18,45,3,cpu_bound,0,0.0,0.0,0,3,88,1,1,89,0,1,8,6,3,1,2,0.2857,0.7143,0
6,148,286,H06_0148_04,119,11,3,8,3,io_bound,1,0.8,4.68,5,2,123,1,2,40,0,1,4,6,3,1,2,0.2727,0.7273,0
6,148,286,H06_0148_05,103,10,0,10,1,tempo_real,0,0.0,0.0,0,1,126,0,0,0,1,1,2,6,3,1,2,0.0,1.0,1
6,148,286,H06_0148_06,127,63,59,4,5,cpu_bound,0,0.0,0.0,0,3,30,1,5,21,0,0.7709,8,6,3,1,2,0.9365,0.0635,0
6,149,36,H06_0149_01,13,20,13,7,3,misto,0,0.0,0.0,0,2,20,1,12,12,0,0.5,4,7,2,3,2,0.65,0.35,0
6,149,36,H06_0149_02,6,50,39,11,5,batch,1,0.54,3.04,7,3,12,1,9,4,0,0.2636,8,7,2,3,2,0.78,0.22,0
6,149,36,H06_0149_03,30,6,4,2,2,tempo_real,0,0.0,0.0,0,1,3,1,2,1,1,0.3564,2,7,2,3,2,0.6667,0.3333,1
6,149,36,H06_0149_04,34,7,0,7,4,io_bound,1,0.83,5.73,8,2,1,0,0,0,0,0.1091,4,7,2,3,2,0.0,1.0,0
6,149,36,H06_0149_05,28,8,4,4,2,interativo,1,0.59,1.34,5,1,5,1,4,0,1,0.3927,3,7,2,3,2,0.5,0.5,0
6,149,36,H06_0149_06,9,50,39,11,3,cpu_bound,0,0.0,0.0,0,3,4,1,10,3,0,0.2091,8,7,2,3,2,0.78,0.22,0
6,149,36,H06_0149_07,27,7,1,6,2,io_bound,1,0.87,3.11,7,2,7,1,1,3,0,0.3091,4,7,2,3,2,0.1429,0.8571,0
6,150,206,H06_0150_01,202,59,51,8,5,batch,0,0.0,0.0,0,3,1,1,2,3,0,0.0636,8,5,0,4,1,0.8644,0.1356,0
6,150,206,H06_0150_02,24,18,4,14,3,io_bound,1,0.85,4.73,10,2,42,1,4,6,0,0.9,4,5,0,4,1,0.2222,0.7778,0
6,150,206,H06_0150_03,61,21,20,1,3,misto,1,0.52,2.23,7,2,85,1,3,81,0,1,4,5,0,4,1,0.9524,0.0476,1
6,150,206,H06_0150_04,38,21,5,16,3,misto,1,0.45,1.56,9,2,101,1,1,48,0,1,4,5,0,4,1,0.2381,0.7619,0
6,150,206,H06_0150_05,76,13,1,12,3,io_bound,1,0.62,5.75,11,2,18,1,1,15,0,0.4636,4,5,0,4,1,0.0769,0.9231,0
7,151,238,H07_0151_01,238,51,48,3,5,batch,1,0.35,2.02,7,3,0,1,8,0,0,0.0455,8,8,2,1,5,0.9412,0.0588,0
7,151,238,H07_0151_02,167,4,0,4,1,tempo_real,0,0.0,0.0,0,1,71,0,0,0,1,1,2,8,2,1,5,0.0,1.0,0
7,151,238,H07_0151_03,163,50,39,11,4,cpu_bound,0,0.0,0.0,0,3,37,1,6,16,0,0.9436,8,8,2,1,5,0.78,0.22,0
7,151,238,H07_0151_04,78,42,5,37,5,batch,1,0.5,1.69,10,3,80,1,5,71,0,1,8,8,2,1,5,0.119,0.881,0
7,151,238,H07_0151_05,28,10,9,1,3,io_bound,1,0.73,3.74,12,2,173,1,9,143,0,1,4,8,2,1,5,0.9,0.1,1
7,151,238,H07_0151_06,29,37,35,2,5,batch,1,0.39,1.81,5,3,67,1,4,53,0,1,8,8,2,1,5,0.9459,0.0541,0
7,151,238,H07_0151_07,4,49,18,31,4,cpu_bound,0,0.0,0.0,0,3,44,1,11,3,0,1,8,8,2,1,5,0.3673,0.6327,0
7,151,238,H07_0151_08,141,16,8,8,3,interativo,1,0.43,1.19,2,1,82,1,5,7,1,1,3,8,2,1,5,0.5,0.5,0
7,152,70,H07_0152_01,11,25,16,9,4,cpu_bound,0,0.0,0.0,0,3,8,1,12,3,0,0.2364,8,3,1,0,2,0.64,0.36,0
7,152,70,H07_0152_02,69,29,20,9,4,batch,1,0.47,1.39,10,3,1,1,3,4,0,0.1091,8,3,1,0,2,0.6897,0.3103,0
7,152,70,H07_0152_03,32,10,1,9,1,interativo,1,0.36,1.53,6,1,25,1,1,4,1,0.8018,3,3,1,0,2,0.1,0.9,1
7,153,26,H07_0153_01,2,7,1,6,3,interativo,1,0.59,2.71,5,1,16,1,1,20,1,0.5473,3,7,3,1,3,0.1429,0.8571,0
7,153,26,H07_0153_02,2,48,8,40,4,cpu_bound,0,0.0,0.0,0,3,6,1,3,6,0,0.2,8,7,3,1,3,0.1667,0.8333,0
7,153,26,H07_0153_03,0,6,4,2,2,interativo,0,0.0,0.0,0,1,17,1,2,17,1,0.6109,3,7,3,1,3,0.6667,0.3333,1
7,153,26,H07_0153_04,14,51,16,35,4,batch,1,0.52,1.42,7,3,8,1,2,10,0,0.2364,8,7,3,1,3,0.3137,0.6863,0
7,153,26,H07_0153_05,4,48,20,28,4,batch,1,0.44,2.23,7,3,15,1,2,6,0,0.3636,8,7,3,1,3,0.4167,0.5833,0
7,153,26,H07_0153_06,14,8,0,8,3,io_bound,1,0.84,3.57,9,2,8,0,0,0,0,0.2818,4,7,3,1,3,0.0,1.0,0
7,153,26,H07_0153_07,4,14,1,13,2,interativo,1,0.41,1.9,2,1,0,1,1,3,1,0.3018,3,7,3,1,3,0.0714,0.9286,0
7,154,389,H07_0154_01,249,9,7,2,2,interativo,1,0.39,2.9,6,1,65,1,1,65,1,1,3,9,3,4,2,0.7778,0.2222,0
7,154,389,H07_0154_02,381,58,33,25,5,cpu_bound,0,0.0,0.0,0,3,7,1,4,10,0,0.1727,8,9,3,4,2,0.569,0.431,0
7,154,389,H07_0154_03,82,21,11,10,3,misto,1,0.63,2.95,9,2,71,1,7,6,0,1,4,9,3,4,2,0.5238,0.4762,0
7,154,389,H07_0154_04,201,14,8,6,3,interativo,0,0.0,0.0,0,1,37,1,2,10,1,0.9291,3,9,3,4,2,0.5714,0.4286,0
7,154,389,H07_0154_05,157,36,12,24,5,batch,1,0.55,1.53,7,3,60,1,7,17,0,1,8,9,3,4,2,0.3333,0.6667,0
7,154,389,H07_0154_06,310,7,3,4,2,interativo,0,0.0,0.0,0,1,49,1,2,49,1,1,3,9,3,4,2,0.4286,0.5714,0
7,154,389,H07_0154_07,80,18,4,14,3,io_bound,1,0.64,5.69,6,2,8,1,1,13,0,0.2818,4,9,3,4,2,0.2222,0.7778,0
7,154,389,H07_0154_08,78,9,3,6,3,io_bound,1,0.89,4.3,11,2,138,1,1,25,0,1,4,9,3,4,2,0.3333,0.6667,1
7,154,389,H07_0154_09,389,17,2,15,2,misto,0,0.0,0.0,0,2,0,1,1,0,0,0.1818,4,9,3,4,2,0.1176,0.8824,0
7,155,436,H07_0155_01,97,29,25,4,3,misto,1,0.55,2.39,3,2,249,1,6,130,0,1,4,7,3,3,1,0.8621,0.1379,1
7,155,436,H07_0155_02,225,8,2,6,2,interativo,1,0.32,2.21,6,1,94,1,1,43,1,1,3,7,3,3,1,0.25,0.75,0
7,155,436,H07_0155_03,427,16,3,13,3,interativo,0,0.0,0.0,0,1,7,1,2,0,1,0.3836,3,7,3,3,1,0.1875,0.8125,0
7,155,436,H07_0155_04,125,8,0,8,2,io_bound,1,0.77,3.54,10,2,205,0,0,0,0,1,4,7,3,3,1,0.0,1.0,0
7,155,436,H07_0155_05,126,16,10,6,4,io_bound,1,0.67,3.72,11,2,246,1,4,49,0,1,4,7,3,3,1,0.625,0.375,0
7,155,436,H07_0155_06,356,54,35,19,5,batch,1,0.54,2.8,8,3,13,1,4,6,0,0.2818,8,7,3,3,1,0.6481,0.3519,0
7,155,436,H07_0155_07,179,9,0,9,2,interativo,1,0.28,2.71,6,1,143,0,0,0,1,1,3,7,3,3,1,0.0,1.0,0
7,156,333,H07_0156_01,116,7,1,6,3,interativo,1,0.49,1.3,2,1,67,1,1,68,1,1,3,3,1,1,1,0.1429,0.8571,1
7,156,333,H07_0156_02,117,27,10,17,3,misto,0,0.0,0.0,0,2,92,1,2,53,0,1,4,3,1,1,1,0.3704,0.6296,0
7,156,333,H07_0156_03,244,50,14,36,5,batch,1,0.55,2.91,4,3,65,1,7,69,0,1,8,3,1,1,1,0.28,0.72,0
7,157,175,H07_0157_01,109,27,19,8,2,misto,1,0.66,3.05,4,2,11,1,11,12,0,0.3818,4,9,2,5,2,0.7037,0.2963,0
7,157,175,H07_0157_02,171,11,10,1,4,io_bound,1,0.75,4.87,12,2,0,1,10,1,0,0.0909,4,9,2,5,2,0.9091,0.0909,0
7,157,175,H07_0157_03,134,28,18,10,3,misto,0,0.0,0.0,0,2,40,1,8,39,0,0.8636,4,9,2,5,2,0.6429,0.3571,0
7,157,175,H07_0157_04,62,26,1,25,4,misto,1,0.53,1.75,9,2,59,1,1,47,0,1,4,9,2,5,2,0.0385,0.9615,0
7,157,175,H07_0157_05,167,11,6,5,1,interativo,0,0.0,0.0,0,1,0,1,5,1,1,0.3473,3,9,2,5,2,0.5455,0.4545,0
7,157,175,H07_0157_06,19,5,3,2,2,tempo_real,1,0.06,0.29,2,1,83,1,1,40,1,1,2,9,2,5,2,0.6,0.4,1
7,157,175,H07_0157_07,173,54,4,50,5,batch,0,0.0,0.0,0,3,0,1,3,5,0,0.0455,8,9,2,5,2,0.0741,0.9259,0
7,157,175,H07_0157_08,151,31,0,31,5,batch,1,0.26,2.76,9,3,8,0,0,0,0,0.1909,8,9,2,5,2,0.0,1.0,0
7,157,175,H07_0157_09,111,11,7,4,3,misto,1,0.51,3.56,6,2,46,1,6,13,0,0.9727,4,9,2,5,2,0.6364,0.3636,0
7,158,439,H07_0158_01,154,28,25,3,4,batch,0,0.0,0.0,0,3,152,1,6,133,0,1,8,5,2,1,2,0.8929,0.1071,0
7,158,439,H07_0158_02,291,30,9,21,4,cpu_bound,0,0.0,0.0,0,3,99,1,2,91,0,1,8,5,2,1,2,0.3,0.7,0
7,158,439,H07_0158_03,273,8,7,1,4,io_bound,1,0.82,5.16,4,2,163,1,2,19,0,1,4,5,2,1,2,0.875,0.125,1
7,158,439,H07_0158_04,414,6,3,3,1,tempo_real,0,0.0,0.0,0,1,18,1,3,18,1,0.6745,2,5,2,1,2,0.5,0.5,0
7,158,439,H07_0158_05,194,6,0,6,2,tempo_real,0,0.0,0.0,0,1,44,0,0,0,1,1,2,5,2,1,2,0.0,1.0,0
7,159,199,H07_0159_01,149,57,20,37,5,batch,1,0.51,3.31,7,3,25,1,12,30,0,0.5,8,8,0,4,4,0.3509,0.6491,0
7,159,199,H07_0159_02,117,20,7,13,3,misto,1,0.36,1.72,8,2,7,1,1,11,0,0.2636,4,8,0,4,4,0.35,0.65,0
7,159,199,H07_0159_03,183,16,5,11,4,misto,1,0.3,1.57,8,2,7,1,2,12,0,0.2182,4,8,0,4,4,0.3125,0.6875,0
7,159,199,H07_0159_04,171,8,3,5,4,io_bound,1,0.87,4.86,4,2,28,1,3,27,0,0.6,4,8,0,4,4,0.375,0.625,0
7,159,199,H07_0159_05,163,19,18,1,3,io_bound,1,0.79,5.94,10,2,36,1,3,33,0,0.7909,4,8,0,4,4,0.9474,0.0526,1
7,159,199,H07_0159_06,182,60,53,7,4,cpu_bound,0,0.0,0.0,0,3,16,1,11,2,0,0.3818,8,8,0,4,4,0.8833,0.1167,0
7,159,199,H07_0159_07,10,37,8,29,4,cpu_bound,0,0.0,0.0,0,3,26,1,7,24,0,0.7436,8,8,0,4,4,0.2162,0.7838,0
7,159,199,H07_0159_08,71,30,3,27,4,cpu_bound,0,0.0,0.0,0,3,85,1,2,8,0,1,8,8,0,4,4,0.1,0.9,0
7,160,273,H07_0160_01,248,12,10,2,2,interativo,1,0.42,2.47,2,1,12,1,10,9,1,0.52,3,7,3,1,3,0.8333,0.1667,0
7,160,273,H07_0160_02,39,55,6,49,4,cpu_bound,1,0.05,0.4,2,3,184,1,5,11,0,1,8,7,3,1,3,0.1091,0.8909,0
7,160,273,H07_0160_03,53,8,3,5,2,interativo,0,0.0,0.0,0,1,191,1,1,131,1,1,3,7,3,1,3,0.375,0.625,1
7,160,273,H07_0160_04,196,23,17,6,5,batch,0,0.0,0.0,0,3,57,1,12,4,0,1,8,7,3,1,3,0.7391,0.2609,0
7,160,273,H07_0160_05,174,31,30,1,5,batch,1,0.35,2.52,9,3,49,1,6,40,0,1,8,7,3,1,3,0.9677,0.0323,0
7,160,273,H07_0160_06,242,29,7,22,4,misto,1,0.63,3.77,9,2,30,1,5,16,0,0.6364,4,7,3,1,3,0.2414,0.7586,0
7,160,273,H07_0160_07,244,16,2,14,2,interativo,1,0.4,2.72,4,1,5,1,2,9,1,0.3927,3,7,3,1,3,0.125,0.875,0
7,161,365,H07_0161_01,109,14,5,9,2,io_bound,1,0.81,5.74,6,2,223,1,2,193,0,1,4,4,2,2,0,0.3571,0.6429,0
7,161,365,H07_0161_02,28,15,0,15,2,interativo,1,0.49,1.85,3,1,270,0,0,0,1,1,3,4,2,2,0,0.0,1.0,1
7,161,365,H07_0161_03,119,8,2,6,1,tempo_real,1,0.14,0.52,1,1,137,1,2,117,1,1,2,4,2,2,0,0.25,0.75,0
7,161,365,H07_0161_04,139,19,13,6,3,misto,1,0.48,2.35,8,2,100,1,4,81,0,1,4,4,2,2,0,0.6842,0.3158,0
7,162,190,H07_0162_01,144,27,26,1,2,misto,1,0.32,2.93,7,2,40,1,2,6,0,0.9091,4,3,0,3,0,0.963,0.037,1
7,162,190,H07_0162_02,34,28,21,7,3,misto,1,0.6,2.06,3,2,33,1,1,14,0,0.7364,4,3,0,3,0,0.75,0.25,0
7,162,190,H07_0162_03,125,18,6,12,3,io_bound,1,0.56,3.83,8,2,46,1,5,24,0,0.9727,4,3,0,3,0,0.3333,0.6667,0
7,163,411,H07_0163_01,45,3,1,2,1,tempo_real,0,0.0,0.0,0,1,87,1,1,63,1,1,2,7,1,5,1,0.3333,0.6667,0
7,163,411,H07_0163_02,300,12,9,3,3,misto,1,0.61,2.15,7,2,79,1,7,50,0,1,4,7,1,5,1,0.75,0.25,0
7,163,411,H07_0163_03,101,7,4,3,3,io_bound,1,0.72,4.6,11,2,270,1,2,115,0,1,4,7,1,5,1,0.5714,0.4286,1
7,163,411,H07_0163_04,129,26,20,6,3,misto,1,0.36,3.69,4,2,199,1,7,100,0,1,4,7,1,5,1,0.7692,0.2308,0
7,163,411,H07_0163_05,56,34,15,19,5,batch,0,0.0,0.0,0,3,71,1,6,63,0,1,8,7,1,5,1,0.4412,0.5588,0
7,163,411,H07_0163_06,149,11,4,7,3,io_bound,1,0.68,5.95,8,2,128,1,1,98,0,1,4,7,1,5,1,0.3636,0.6364,0
7,163,411,H07_0163_07,95,23,20,3,4,misto,1,0.34,3.9,3,2,106,1,12,23,0,1,4,7,1,5,1,0.8696,0.1304,0
7,164,241,H07_0164_01,42,14,9,5,4,io_bound,1,0.81,4.89,6,2,132,1,5,9,0,1,4,9,3,4,2,0.6429,0.3571,0
7,164,241,H07_0164_02,128,18,6,12,4,misto,1,0.68,2.98,6,2,3,1,5,4,0,0.1455,4,9,3,4,2,0.3333,0.6667,0
7,164,241,H07_0164_03,43,13,3,10,4,io_bound,1,0.85,2.7,5,2,117,1,3,110,0,1,4,9,3,4,2,0.2308,0.7692,0
7,164,241,H07_0164_04,19,19,9,10,4,misto,1,0.42,2.47,3,2,33,1,9,24,0,0.6909,4,9,3,4,2,0.4737,0.5263,0
7,164,241,H07_0164_05,205,51,10,41,5,batch,1,0.35,1.88,10,3,29,1,6,29,0,0.7527,8,9,3,4,2,0.1961,0.8039,0
7,164,241,H07_0164_06,183,10,7,3,2,interativo,0,0.0,0.0,0,1,32,1,1,12,1,0.8836,3,9,3,4,2,0.7,0.3,0
7,164,241,H07_0164_07,124,9,5,4,2,tempo_real,1,0.16,0.17,4,1,84,1,2,85,1,1,2,9,3,4,2,0.5556,0.4444,1
7,164,241,H07_0164_08,154,15,10,5,2,interativo,1,0.29,2.22,4,1,2,1,2,3,1,0.3382,3,9,3,4,2,0.6667,0.3333,0
7,164,241,H07_0164_09,129,50,3,47,5,batch,1,0.23,2.2,11,3,12,1,1,16,0,0.2636,8,9,3,4,2,0.06,0.94,0
7,165,126,H07_0165_01,23,8,3,5,2,interativo,1,0.4,2.09,2,1,68,1,2,1,1,1,3,4,1,1,2,0.375,0.625,1
7,165,126,H07_0165_02,61,57,45,12,4,cpu_bound,1,0.21,1.19,4,3,12,1,6,10,0,0.3091,8,4,1,1,2,0.7895,0.2105,0
7,165,126,H07_0165_03,86,61,15,46,3,cpu_bound,0,0.0,0.0,0,3,14,1,9,0,0,0.3909,8,4,1,1,2,0.2459,0.7541,0
7,165,126,H07_0165_04,49,25,13,12,2,misto,1,0.38,2.12,6,2,5,1,2,1,0,0.2727,4,4,1,1,2,0.52,0.48,0
7,166,176,H07_0166_01,51,11,0,11,2,interativo,0,0.0,0.0,0,1,103,0,0,0,1,1,3,5,1,3,1,0.0,1.0,1
7,166,176,H07_0166_02,10,47,32,15,5,cpu_bound,1,0.13,0.28,2,3,162,1,10,158,0,1,8,5,1,3,1,0.6809,0.3191,0
7,166,176,H07_0166_03,55,28,25,3,4,misto,1,0.34,2.86,6,2,113,1,6,55,0,1,4,5,1,3,1,0.8929,0.1071,0
7,166,176,H07_0166_04,158,12,5,7,4,io_bound,1,0.75,3.87,11,2,10,1,4,9,0,0.2727,4,5,1,3,1,0.4167,0.5833,0
7,166,176,H07_0166_05,134,26,8,18,4,misto,1,0.55,2.96,4,2,39,1,4,11,0,0.8,4,5,1,3,1,0.3077,0.6923,0
7,167,70,H07_0167_01,35,11,6,5,3,interativo,1,0.43,1.19,4,1,5,1,3,2,1,0.3473,3,5,1,1,3,0.5455,0.4545,1
7,167,70,H07_0167_02,14,44,37,7,3,cpu_bound,0,0.0,0.0,0,3,10,1,2,7,0,0.3182,8,5,1,1,3,0.8409,0.1591,0
7,167,70,H07_0167_03,8,23,14,9,4,batch,1,0.28,2.01,12,3,17,1,5,8,0,0.4,8,5,1,1,3,0.6087,0.3913,0
7,167,70,H07_0167_04,62,53,40,13,4,cpu_bound,0,0.0,0.0,0,3,4,1,12,7,0,0.1636,8,5,1,1,3,0.7547,0.2453,0
7,167,70,H07_0167_05,68,12,2,10,3,misto,0,0.0,0.0,0,2,2,1,1,5,0,0.1727,4,5,1,1,3,0.1667,0.8333,0
7,168,172,H07_0168_01,58,60,18,42,5,batch,1,0.34,1.8,6,3,71,1,1,3,0,1,8,9,3,4,2,0.3,0.7,0
7,168,172,H07_0168_02,163,20,16,4,2,io_bound,1,0.64,5.47,8,2,0,1,7,4,0,0.1818,4,9,3,4,2,0.8,0.2,0
7,168,172,H07_0168_03,65,23,13,10,5,batch,0,0.0,0.0,0,3,93,1,5,75,0,1,8,9,3,4,2,0.5652,0.4348,0
7,168,172,H07_0168_04,57,7,3,4,2,interativo,1,0.38,1.5,2,1,13,1,1,4,1,0.5382,3,9,3,4,2,0.4286,0.5714,0
7,168,172,H07_0168_05,17,11,3,8,2,interativo,1,0.34,2.62,2,1,150,1,2,112,1,1,3,9,3,4,2,0.2727,0.7273,1
7,168,172,H07_0168_06,172,8,2,6,2,io_bound,1,0.76,4.56,12,2,0,1,2,5,0,0.1818,4,9,3,4,2,0.25,0.75,0
7,168,172,H07_0168_07,136,9,5,4,2,interativo,0,0.0,0.0,0,1,11,1,4,8,1,0.5018,3,9,3,4,2,0.5556,0.4444,0
7,168,172,H07_0168_08,61,14,12,2,3,misto,0,0.0,0.0,0,2,61,1,7,20,0,1,4,9,3,4,2,0.8571,0.1429,0
7,168,172,H07_0168_09,21,13,8,5,3,misto,0,0.0,0.0,0,2,76,1,8,48,0,1,4,9,3,4,2,0.6154,0.3846,0
7,169,99,H07_0169_01,48,44,41,3,5,cpu_bound,1,0.2,0.51,2,3,30,1,7,29,0,0.7709,8,6,0,3,3,0.9318,0.0682,0
7,169,99,H07_0169_02,13,28,11,17,5,batch,0,0.0,0.0,0,3,3,1,3,0,0,0.1,8,6,0,3,3,0.3929,0.6071,0
7,169,99,H07_0169_03,80,18,4,14,3,misto,0,0.0,0.0,0,2,12,1,1,8,0,0.3545,4,6,0,3,3,0.2222,0.7778,0
7,169,99,H07_0169_04,66,15,12,3,4,io_bound,1,0.78,4.01,12,2,26,1,12,13,0,0.5636,4,6,0,3,3,0.8,0.2,0
7,169,99,H07_0169_05,26,35,28,7,5,batch,1,0.5,3.08,5,3,9,1,10,6,0,0.2091,8,6,0,3,3,0.8,0.2,0
7,169,99,H07_0169_06,23,10,2,8,4,io_bound,1,0.73,4.25,9,2,60,1,1,3,0,1,4,6,0,3,3,0.2,0.8,1
7,170,170,H07_0170_01,158,18,2,16,3,io_bound,1,0.87,2.55,8,2,7,1,1,1,0,0.2636,4,6,3,2,1,0.1111,0.8889,0
7,170,170,H07_0170_02,132,8,3,5,1,tempo_real,0,0.0,0.0,0,1,36,1,3,2,1,1,2,6,3,2,1,0.375,0.625,0
7,170,170,H07_0170_03,22,6,4,2,1,tempo_real,0,0.0,0.0,0,1,69,1,4,51,1,1,2,6,3,2,1,0.6667,0.3333,1
7,170,170,H07_0170_04,135,8,7,1,1,interativo,0,0.0,0.0,0,1,29,1,2,0,1,0.8745,3,6,3,2,1,0.875,0.125,0
7,170,170,H07_0170_05,90,24,23,1,5,cpu_bound,0,0.0,0.0,0,3,76,1,2,3,0,1,8,6,3,2,1,0.9583,0.0417,0
7,170,170,H07_0170_06,164,12,9,3,2,misto,0,0.0,0.0,0,2,4,1,1,5,0,0.2545,4,6,3,2,1,0.75,0.25,0
7,171,271,H07_0171_01,164,15,13,2,3,io_bound,1,0.77,2.98,10,2,82,1,1,54,0,1,4,5,1,3,1,0.8667,0.1333,1
7,171,271,H07_0171_02,213,16,12,4,3,misto,0,0.0,0.0,0,2,49,1,10,23,0,1,4,5,1,3,1,0.75,0.25,0
7,171,271,H07_0171_03,215,49,35,14,5,batch,1,0.48,2.84,8,3,24,1,7,13,0,0.4818,8,5,1,3,1,0.7143,0.2857,0
7,171,271,H07_0171_04,259,3,0,3,1,tempo_real,0,0.0,0.0,0,1,6,0,0,0,1,0.4564,2,5,1,3,1,0.0,1.0,0
7,171,271,H07_0171_05,124,10,0,10,3,misto,1,0.34,2.41,5,2,52,0,0,0,0,1,4,5,1,3,1,0.0,1.0,0
7,172,366,H07_0172_01,185,14,11,3,2,io_bound,1,0.58,4.29,5,2,131,1,9,118,0,1,4,6,2,2,2,0.7857,0.2143,0
7,172,366,H07_0172_02,18,6,4,2,1,tempo_real,1,0.2,0.3,1,1,324,1,2,62,1,1,2,6,2,2,2,0.6667,0.3333,1
7,172,366,H07_0172_03,339,16,9,7,4,io_bound,1,0.69,5.21,9,2,20,1,9,25,0,0.4545,4,6,2,2,2,0.5625,0.4375,0
7,172,366,H07_0172_04,35,63,50,13,5,cpu_bound,0,0.0,0.0,0,3,309,1,7,33,0,1,8,6,2,2,2,0.7937,0.2063,0
7,172,366,H07_0172_05,194,15,2,13,2,interativo,1,0.63,2.19,4,1,1,1,1,6,1,0.32,3,6,2,2,2,0.1333,0.8667,0
7,172,366,H07_0172_06,27,56,34,22,4,batch,1,0.53,2.48,8,3,17,1,8,17,0,0.4,8,6,2,2,2,0.6071,0.3929,0
7,173,315,H07_0173_01,232,54,16,38,5,batch,0,0.0,0.0,0,3,48,1,9,38,0,1,8,6,1,2,3,0.2963,0.7037,0
7,173,315,H07_0173_02,262,23,21,2,2,misto,1,0.47,3.29,4,2,25,1,7,4,0,0.6364,4,6,1,2,3,0.913,0.087,0
7,173,315,H07_0173_03,296,32,29,3,5,batch,1,0.35,2.09,9,3,12,1,5,14,0,0.2636,8,6,1,2,3,0.9062,0.0938,0
7,173,315,H07_0173_04,10,19,10,9,3,io_bound,1,0.76,2.64,8,2,30,1,7,31,0,0.6818,4,6,1,2,3,0.5263,0.4737,0
7,173,315,H07_0173_05,118,60,59,1,4,cpu_bound,1,0.25,1.08,5,3,176,1,11,156,0,1,8,6,1,2,3,0.9833,0.0167,1
7,173,315,H07_0173_06,206,10,0,10,1,tempo_real,0,0.0,0.0,0,1,94,0,0,0,1,1,2,6,1,2,3,0.0,1.0,0
7,174,83,H07_0174_01,32,25,16,9,5,batch,0,0.0,0.0,0,3,46,1,5,5,0,1,8,4,0,1,3,0.64,0.36,0
7,174,83,H07_0174_02,69,20,10,10,3,io_bound,1,0.65,3.22,7,2,10,1,2,8,0,0.3182,4,4,0,1,3,0.5,0.5,0
7,174,83,H07_0174_03,33,29,1,28,5,batch,1,0.49,1.82,8,3,36,1,1,32,0,0.88,8,4,0,1,3,0.0345,0.9655,1
7,174,83,H07_0174_04,9,42,38,4,4,cpu_bound,0,0.0,0.0,0,3,28,1,8,0,0,0.78,8,4,0,1,3,0.9048,0.0952,0
7,175,174,H07_0175_01,155,14,8,6,3,interativo,0,0.0,0.0,0,1,16,1,1,14,1,0.5473,3,8,3,3,2,0.5714,0.4286,0
7,175,174,H07_0175_02,4,17,15,2,2,io_bound,1,0.7,4.45,12,2,45,1,2,6,0,1,4,8,3,3,2,0.8824,0.1176,0
7,175,174,H07_0175_03,13,8,7,1,4,io_bound,1,0.86,2.92,8,2,25,1,7,21,0,0.5455,4,8,3,3,2,0.875,0.125,0
7,175,174,H07_0175_04,149,44,4,40,5,batch,1,0.44,1.16,11,3,18,1,4,18,0,0.3727,8,8,3,3,2,0.0909,0.9091,0
7,175,174,H07_0175_05,121,51,22,29,4,batch,1,0.22,1.25,9,3,20,1,4,17,0,0.4545,8,8,3,3,2,0.4314,0.5686,0
7,175,174,H07_0175_06,7,10,2,8,4,misto,1,0.55,2.71,7,2,141,1,1,132,0,1,4,8,3,3,2,0.2,0.8,1
7,175,174,H07_0175_07,163,5,2,3,1,tempo_real,1,0.08,0.6,1,1,0,1,2,0,1,0.3473,2,8,3,3,2,0.4,0.6,0
7,175,174,H07_0175_08,27,7,0,7,1,tempo_real,0,0.0,0.0,0,1,44,0,0,0,1,1,2,8,3,3,2,0.0,1.0,0
8,176,128,H08_0176_01,103,13,5,8,3,interativo,0,0.0,0.0,0,1,9,1,3,11,1,0.42,3,6,3,2,1,0.3846,0.6154,0
8,176,128,H08_0176_02,81,16,13,3,2,interativo,1,0.29,2.93,2,1,22,1,6,3,1,0.7018,3,6,3,2,1,0.8125,0.1875,0
8,176,128,H08_0176_03,70,10,0,10,3,interativo,1,0.55,1.85,5,1,56,0,0,0,1,1,3,6,3,2,1,0.0,1.0,1
8,176,128,H08_0176_04,128,22,19,3,3,misto,1,0.4,3.57,6,2,0,1,4,3,0,0.1364,4,6,3,2,1,0.8636,0.1364,0
8,176,128,H08_0176_05,86,11,5,6,4,misto,0,0.0,0.0,0,2,5,1,3,3,0,0.1818,4,6,3,2,1,0.4545,0.5455,0
8,176,128,H08_0176_06,79,32,30,2,5,batch,1,0.45,3.31,5,3,39,1,10,14,0,0.9345,8,6,3,2,1,0.9375,0.0625,0
8,177,284,H08_0177_01,273,6,3,3,1,interativo,1,0.57,2.26,5,1,8,1,3,7,1,0.4927,3,7,3,2,2,0.5,0.5,0
8,177,284,H08_0177_02,64,56,35,21,5,batch,1,0.37,1.76,6,3,7,1,4,11,0,0.1727,8,7,3,2,2,0.625,0.375,0
8,177,284,H08_0177_03,273,9,0,9,1,tempo_real,0,0.0,0.0,0,1,3,0,0,0,1,0.4018,2,7,3,2,2,0.0,1.0,0
8,177,284,H08_0177_04,102,45,22,23,5,cpu_bound,0,0.0,0.0,0,3,83,1,4,22,0,1,8,7,3,2,2,0.4889,0.5111,0
8,177,284,H08_0177_05,77,17,9,8,4,io_bound,1,0.76,4.28,10,2,184,1,2,167,0,1,4,7,3,2,2,0.5294,0.4706,0
8,177,284,H08_0177_06,5,7,6,1,1,tempo_real,0,0.0,0.0,0,1,57,1,3,38,1,1,2,7,3,2,2,0.8571,0.1429,1
8,177,284,H08_0177_07,44,19,3,16,2,misto,1,0.7,3.0,5,2,99,1,2,74,0,1,4,7,3,2,2,0.1579,0.8421,0
8,178,110,H08_0178_01,105,15,7,8,2,interativo,1,0.35,1.69,6,1,5,1,4,10,1,0.3927,3,9,4,2,3,0.4667,0.5333,0
8,178,110,H08_0178_02,41,4,0,4,1,tempo_real,0,0.0,0.0,0,1,11,0,0,0,1,0.5473,2,9,4,2,3,0.0,1.0,1
8,178,110,H08_0178_03,48,45,8,37,5,cpu_bound,0,0.0,0.0,0,3,28,1,4,29,0,0.7345,8,9,4,2,3,0.1778,0.8222,0
8,178,110,H08_0178_04,85,7,2,5,3,io_bound,1,0.71,5.9,11,2,10,1,1,13,0,0.3182,4,9,4,2,3,0.2857,0.7143,0
8,178,110,H08_0178_05,101,21,0,21,4,misto,1,0.48,3.01,8,2,3,0,0,0,0,0.1455,4,9,4,2,3,0.0,1.0,0
8,178,110,H08_0178_06,75,5,1,4,2,interativo,0,0.0,0.0,0,1,4,1,1,3,1,0.3745,3,9,4,2,3,0.2,0.8,0
8,178,110,H08_0178_07,83,8,2,6,2,interativo,0,0.0,0.0,0,1,6,1,1,8,1,0.4109,3,9,4,2,3,0.25,0.75,0
8,178,110,H08_0178_08,86,63,13,50,4,cpu_bound,1,0.21,1.12,5,3,23,1,3,28,0,0.5091,8,9,4,2,3,0.2063,0.7937,0
8,178,110,H08_0178_09,56,38,22,16,5,batch,1,0.55,2.41,8,3,38,1,4,7,0,0.9164,8,9,4,2,3,0.5789,0.4211,0
8,179,164,H08_0179_01,140,6,5,1,1,interativo,1,0.29,2.0,4,1,6,1,2,8,1,0.4564,3,9,2,3,4,0.8333,0.1667,0
8,179,164,H08_0179_02,159,22,5,17,3,cpu_bound,1,0.16,0.67,4,3,4,1,1,5,0,0.2091,8,9,2,3,4,0.2273,0.7727,0
8,179,164,H08_0179_03,2,11,7,4,2,interativo,1,0.44,1.76,2,1,45,1,7,22,1,1,3,9,2,3,4,0.6364,0.3636,1
8,179,164,H08_0179_04,1,38,14,24,5,batch,1,0.35,2.86,9,3,4,1,5,9,0,0.1182,8,9,2,3,4,0.3684,0.6316,0
8,179,164,H08_0179_05,154,22,2,20,3,misto,1,0.64,1.84,6,2,3,1,2,5,0,0.1909,4,9,2,3,4,0.0909,0.9091,0
8,179,164,H08_0179_06,160,25,23,2,5,batch,0,0.0,0.0,0,3,1,1,9,6,0,0.0636,8,9,2,3,4,0.92,0.08,0
8,179,164,H08_0179_07,153,16,8,8,4,misto,1,0.36,1.58,4,2,3,1,8,0,0,0.1455,4,9,2,3,4,0.5,0.5,0
8,179,164,H08_0179_08,52,50,0,50,5,cpu_bound,1,0.21,0.26,4,3,49,0,0,0,0,1,8,9,2,3,4,0.0,1.0,0
8,179,164,H08_0179_09,28,15,13,2,3,io_bound,1,0.84,4.84,10,2,52,1,12,33,0,1,4,9,2,3,4,0.8667,0.1333,0
8,180,352,H08_0180_01,180,28,10,18,4,misto,1,0.48,1.84,9,2,58,1,1,45,0,1,4,7,2,2,3,0.3571,0.6429,0
8,180,352,H08_0180_02,27,9,2,7,3,io_bound,1,0.69,4.91,8,2,121,1,1,55,0,1,4,7,2,2,3,0.2222,0.7778,0
8,180,352,H08_0180_03,100,56,8,48,3,cpu_bound,1,0.09,0.77,4,3,148,1,4,62,0,1,8,7,2,2,3,0.1429,0.8571,0
8,180,352,H08_0180_04,170,15,13,2,3,interativo,1,0.55,2.43,2,1,88,1,6,53,1,1,3,7,2,2,3,0.8667,0.1333,0
8,180,352,H08_0180_05,114,7,3,4,2,interativo,1,0.31,2.89,5,1,170,1,2,124,1,1,3,7,2,2,3,0.4286,0.5714,1
8,180,352,H08_0180_06,265,29,9,20,5,cpu_bound,0,0.0,0.0,0,3,61,1,3,63,0,1,8,7,2,2,3,0.3103,0.6897,0
8,180,352,H08_0180_07,287,33,7,26,4,batch,1,0.3,1.45,9,3,40,1,2,3,0,0.9982,8,7,2,2,3,0.2121,0.7879,0
8,181,16,H08_0181_01,16,16,14,2,2,interativo,1,0.46,2.79,4,1,0,1,7,2,1,0.3018,3,9,7,2,0,0.875,0.125,1
8,181,16,H08_0181_02,6,11,0,11,3,io_bound,1,0.6,3.48,12,2,2,0,0,0,0,0.1727,4,9,7,2,0,0.0,1.0,0
8,181,16,H08_0181_03,10,8,2,6,2,interativo,1,0.42,2.39,5,1,0,1,1,1,1,0.3018,3,9,7,2,0,0.25,0.75,0
8,181,16,H08_0181_04,15,22,18,4,3,misto,1,0.5,2.24,6,2,0,1,6,5,0,0.1364,4,9,7,2,0,0.8182,0.1818,0
8,181,16,H08_0181_05,14,11,6,5,2,interativo,1,0.45,1.4,5,1,2,1,5,6,1,0.3382,3,9,7,2,0,0.5455,0.4545,0
8,181,16,H08_0181_06,15,5,1,4,2,tempo_real,0,0.0,0.0,0,1,0,1,1,0,1,0.3018,2,9,7,2,0,0.2,0.8,0
8,181,16,H08_0181_07,8,4,1,3,1,tempo_real,0,0.0,0.0,0,1,7,1,1,6,1,0.4745,2,9,7,2,0,0.25,0.75,0
8,181,16,H08_0181_08,12,5,3,2,2,tempo_real,0,0.0,0.0,0,1,4,1,3,3,1,0.3745,2,9,7,2,0,0.6,0.4,0
8,181,16,H08_0181_09,4,8,2,6,2,interativo,1,0.55,2.03,5,1,10,1,1,2,1,0.4836,3,9,7,2,0,0.25,0.75,0
8,182,113,H08_0182_01,76,16,8,8,3,misto,1,0.55,3.78,4,2,28,1,6,29,0,0.6455,4,5,1,3,1,0.5,0.5,0
8,182,113,H08_0182_02,65,15,5,10,4,misto,1,0.3,2.56,7,2,48,1,2,22,0,0.9636,4,5,1,3,1,0.3333,0.6667,0
8,182,113,H08_0182_03,67,20,13,7,4,batch,1,0.26,3.12,8,3,42,1,8,25,0,1,8,5,1,3,1,0.65,0.35,0
8,182,113,H08_0182_04,83,8,4,4,2,tempo_real,0,0.0,0.0,0,1,29,1,3,29,1,0.8291,2,5,1,3,1,0.5,0.5,0
8,182,113,H08_0182_05,18,13,10,3,3,misto,1,0.61,3.58,3,2,73,1,5,65,0,1,4,5,1,3,1,0.7692,0.2308,1
8,183,160,H08_0183_01,115,11,6,5,3,misto,0,0.0,0.0,0,2,41,1,1,16,0,0.8818,4,8,2,4,2,0.5455,0.4545,0
8,183,160,H08_0183_02,88,6,2,4,3,io_bound,1,0.56,2.63,6,2,27,1,2,1,0,0.6273,4,8,2,4,2,0.3333,0.6667,0
8,183,160,H08_0183_03,121,43,28,15,4,cpu_bound,0,0.0,0.0,0,3,34,1,6,31,0,0.8891,8,8,2,4,2,0.6512,0.3488,0
8,183,160,H08_0183_04,11,28,16,12,4,misto,1,0.53,3.7,5,2,39,1,7,15,0,0.8,4,8,2,4,2,0.5714,0.4286,0
8,183,160,H08_0183_05,102,12,11,1,2,interativo,1,0.25,1.41,3,1,35,1,4,9,1,0.9382,3,8,2,4,2,0.9167,0.0833,0
8,183,160,H08_0183_06,71,8,5,3,3,interativo,0,0.0,0.0,0,1,88,1,1,77,1,1,3,8,2,4,2,0.625,0.375,1
8,183,160,H08_0183_07,3,29,10,19,3,cpu_bound,0,0.0,0.0,0,3,23,1,1,8,0,0.5545,8,8,2,4,2,0.3448,0.6552,0
8,183,160,H08_0183_08,52,7,0,7,4,io_bound,1,0.63,4.38,5,2,91,0,0,0,0,1,4,8,2,4,2,0.0,1.0,0
8,184,222,H08_0184_01,144,24,11,13,4,batch,1,0.55,2.23,4,3,35,1,8,37,0,0.9073,8,8,3,1,4,0.4583,0.5417,0
8,184,222,H08_0184_02,32,12,2,10,3,interativo,1,0.48,2.57,4,1,158,1,2,5,1,1,3,8,3,1,4,0.1667,0.8333,0
8,184,222,H08_0184_03,119,21,3,18,5,batch,1,0.27,1.07,4,3,8,1,3,7,0,0.1909,8,8,3,1,4,0.1429,0.8571,0
8,184,222,H08_0184_04,6,13,10,3,2,interativo,1,0.35,2.42,6,1,186,1,10,107,1,1,3,8,3,1,4,0.7692,0.2308,1
8,184,222,H08_0184_05,159,29,6,23,4,cpu_bound,1,0.17,1.06,2,3,47,1,6,41,0,1,8,8,3,1,4,0.2069,0.7931,0
8,184,222,H08_0184_06,163,36,29,7,5,batch,0,0.0,0.0,0,3,0,1,5,5,0,0.0455,8,8,3,1,4,0.8056,0.1944,0
8,184,222,H08_0184_07,16,16,6,10,2,interativo,1,0.39,1.78,3,1,100,1,4,51,1,1,3,8,3,1,4,0.375,0.625,0
8,184,222,H08_0184_08,4,6,2,4,3,io_bound,1,0.68,5.98,11,2,6,1,1,1,0,0.2455,4,8,3,1,4,0.3333,0.6667,0
8,185,385,H08_0185_01,263,6,4,2,2,interativo,0,0.0,0.0,0,1,0,1,4,1,1,0.3018,3,4,2,1,1,0.6667,0.3333,0
8,185,385,H08_0185_02,162,7,0,7,3,io_bound,1,0.6,5.18,9,2,68,0,0,0,0,1,4,4,2,1,1,0.0,1.0,0
8,185,385,H08_0185_03,111,63,59,4,4,cpu_bound,0,0.0,0.0,0,3,10,1,4,9,0,0.2727,8,4,2,1,1,0.9365,0.0635,0
8,185,385,H08_0185_04,19,6,2,4,2,interativo,0,0.0,0.0,0,1,161,1,2,113,1,1,3,4,2,1,1,0.3333,0.6667,1
8,186,353,H08_0186_01,274,10,2,8,2,io_bound,1,0.79,4.93,10,2,68,1,1,41,0,1,4,5,1,4,0,0.2,0.8,0
8,186,353,H08_0186_02,18,6,2,4,2,io_bound,1,0.61,3.56,12,2,126,1,1,27,0,1,4,5,1,4,0,0.3333,0.6667,1
8,186,353,H08_0186_03,204,3,0,3,1,tempo_real,0,0.0,0.0,0,1,10,0,0,0,1,0.5291,2,5,1,4,0,0.0,1.0,0
8,186,353,H08_0186_04,206,10,2,8,3,io_bound,1,0.75,2.92,11,2,84,1,2,67,0,1,4,5,1,4,0,0.2,0.8,0
8,186,353,H08_0186_05,260,20,2,18,4,misto,1,0.6,3.17,8,2,77,1,2,16,0,1,4,5,1,4,0,0.1,0.9,0
8,187,1,H08_0187_01,1,7,4,3,1,tempo_real,1,0.1,0.17,3,1,0,1,3,1,1,0.3473,2,5,4,1,0,0.5714,0.4286,1
8,187,1,H08_0187_02,0,12,2,10,1,interativo,1,0.37,2.47,5,1,0,1,2,4,1,0.3473,3,5,4,1,0,0.1667,0.8333,0
8,187,1,H08_0187_03,0,11,8,3,3,misto,1,0.42,3.29,5,2,0,1,7,5,0,0.1364,4,5,4,1,0,0.7273,0.2727,0
8,187,1,H08_0187_04,0,7,2,5,1,tempo_real,0,0.0,0.0,0,1,0,1,1,2,1,0.3473,2,5,4,1,0,0.2857,0.7143,0
8,187,1,H08_0187_05,1,14,2,12,1,interativo,1,0.36,2.67,6,1,0,1,1,5,1,0.3473,3,5,4,1,0,0.1429,0.8571,0
8,188,285,H08_0188_01,139,19,8,11,3,misto,1,0.57,2.81,8,2,128,1,2,6,0,1,4,8,2,4,2,0.4211,0.5789,0
8,188,285,H08_0188_02,198,17,15,2,3,io_bound,1,0.83,4.59,9,2,53,1,5,0,0,1,4,8,2,4,2,0.8824,0.1176,0
8,188,285,H08_0188_03,207,14,11,3,3,io_bound,1,0.79,3.11,4,2,51,1,8,51,0,1,4,8,2,4,2,0.7857,0.2143,0
8,188,285,H08_0188_04,37,40,16,24,5,cpu_bound,0,0.0,0.0,0,3,86,1,8,28,0,1,8,8,2,4,2,0.4,0.6,0
8,188,285,H08_0188_05,150,42,10,32,5,batch,0,0.0,0.0,0,3,78,1,1,81,0,1,8,8,2,4,2,0.2381,0.7619,0
8,188,285,H08_0188_06,211,3,1,2,2,tempo_real,0,0.0,0.0,0,1,46,1,1,16,1,1,2,8,2,4,2,0.3333,0.6667,0
8,188,285,H08_0188_07,37,15,7,8,2,misto,1,0.33,2.5,4,2,116,1,3,30,0,1,4,8,2,4,2,0.4667,0.5333,1
8,188,285,H08_0188_08,255,6,1,5,2,tempo_real,0,0.0,0.0,0,1,27,1,1,27,1,0.7927,2,8,2,4,2,0.1667,0.8333,0
8,189,171,H08_0189_01,120,14,9,5,3,interativo,0,0.0,0.0,0,1,26,1,3,19,1,0.7291,3,5,5,0,0,0.6429,0.3571,0
8,189,171,H08_0189_02,91,8,1,7,1,interativo,1,0.36,2.48,3,1,75,1,1,5,1,1,3,5,5,0,0,0.125,0.875,0
8,189,171,H08_0189_03,123,10,6,4,1,tempo_real,0,0.0,0.0,0,1,20,1,2,23,1,0.7109,2,5,5,0,0,0.6,0.4,0
8,189,171,H08_0189_04,42,5,4,1,2,interativo,1,0.3,2.71,6,1,128,1,4,17,1,1,3,5,5,0,0,0.8,0.2,1
8,189,171,H08_0189_05,133,6,1,5,1,tempo_real,0,0.0,0.0,0,1,30,1,1,13,1,0.8927,2,5,5,0,0,0.1667,0.8333,0
8,190,190,H08_0190_01,163,65,58,7,4,cpu_bound,0,0.0,0.0,0,3,24,1,6,0,0,0.5273,8,8,1,5,2,0.8923,0.1077,0
8,190,190,H08_0190_02,124,13,4,9,3,io_bound,1,0.62,5.22,5,2,21,1,3,22,0,0.5182,4,8,1,5,2,0.3077,0.6923,0
8,190,190,H08_0190_03,189,7,0,7,2,interativo,1,0.64,2.36,3,1,1,0,0,0,1,0.32,3,8,1,5,2,0.0,1.0,0
8,190,190,H08_0190_04,2,19,17,2,4,misto,1,0.46,1.81,3,2,77,1,9,34,0,1,4,8,1,5,2,0.8947,0.1053,0
8,190,190,H08_0190_05,25,57,39,18,3,cpu_bound,0,0.0,0.0,0,3,95,1,3,21,0,1,8,8,1,5,2,0.6842,0.3158,0
8,190,190,H08_0190_06,80,7,3,4,3,io_bound,1,0.83,4.56,5,2,73,1,2,19,0,1,4,8,1,5,2,0.4286,0.5714,0
8,190,190,H08_0190_07,165,15,2,13,3,io_bound,1,0.87,5.7,8,2,11,1,1,14,0,0.3364,4,8,1,5,2,0.1333,0.8667,0
8,190,190,H08_0190_08,112,7,6,1,4,io_bound,1,0.89,5.26,8,2,67,1,6,68,0,1,4,8,1,5,2,0.8571,0.1429,1
8,191,420,H08_0191_01,193,34,28,6,3,cpu_bound,0,0.0,0.0,0,3,101,1,7,70,0,1,8,7,1,4,2,0.8235,0.1765,0
8,191,420,H08_0191_02,165,60,17,43,5,batch,0,0.0,0.0,0,3,226,1,7,189,0,1,8,7,1,4,2,0.2833,0.7167,0
8,191,420,H08_0191_03,8,4,3,1,1,tempo_real,0,0.0,0.0,0,1,218,1,3,180,1,1,2,7,1,4,2,0.75,0.25,1
8,191,420,H08_0191_04,103,13,1,12,3,misto,1,0.58,1.81,3,2,281,1,1,190,0,1,4,7,1,4,2,0.0769,0.9231,0
8,191,420,H08_0191_05,336,11,2,9,3,io_bound,1,0.68,5.26,12,2,46,1,1,51,0,0.9727,4,7,1,4,2,0.1818,0.8182,0
8,191,420,H08_0191_06,366,6,3,3,2,io_bound,1,0.57,4.2,6,2,34,1,2,25,0,0.8,4,7,1,4,2,0.5,0.5,0
8,191,420,H08_0191_07,165,14,13,1,3,misto,0,0.0,0.0,0,2,220,1,8,164,0,1,4,7,1,4,2,0.9286,0.0714,0
8,192,391,H08_0192_01,17,16,14,2,2,io_bound,1,0.83,3.09,10,2,189,1,9,63,0,1,4,9,2,6,1,0.875,0.125,0
8,192,391,H08_0192_02,371,24,8,16,5,cpu_bound,1,0.17,0.78,3,3,8,1,1,3,0,0.1909,8,9,2,6,1,0.3333,0.6667,0
8,192,391,H08_0192_03,182,10,4,6,3,io_bound,1,0.56,5.54,11,2,94,1,1,53,0,1,4,9,2,6,1,0.4,0.6,0
8,192,391,H08_0192_04,346,30,29,1,2,misto,1,0.42,3.72,3,2,11,1,10,11,0,0.3818,4,9,2,6,1,0.9667,0.0333,0
8,192,391,H08_0192_05,33,13,0,13,4,io_bound,1,0.72,5.41,7,2,145,0,0,0,0,1,4,9,2,6,1,0.0,1.0,0
8,192,391,H08_0192_06,336,12,3,9,3,misto,1,0.42,2.02,3,2,6,1,3,8,0,0.2455,4,9,2,6,1,0.25,0.75,0
8,192,391,H08_0192_07,352,13,3,10,2,interativo,0,0.0,0.0,0,1,19,1,2,0,1,0.6473,3,9,2,6,1,0.2308,0.7692,0
8,192,391,H08_0192_08,28,7,2,5,1,tempo_real,0,0.0,0.0,0,1,195,1,1,96,1,1,2,9,2,6,1,0.2857,0.7143,1
8,192,391,H08_0192_09,342,7,2,5,4,io_bound,1,0.81,3.66,6,2,30,1,1,23,0,0.6364,4,9,2,6,1,0.2857,0.7143,0
8,193,49,H08_0193_01,19,13,1,12,4,io_bound,1,0.87,4.41,5,2,9,1,1,12,0,0.2545,4,5,1,2,2,0.0769,0.9231,0
8,193,49,H08_0193_02,2,35,2,33,4,cpu_bound,0,0.0,0.0,0,3,12,1,1,4,0,0.3091,8,5,1,2,2,0.0571,0.9429,0
8,193,49,H08_0193_03,48,53,6,47,4,batch,1,0.25,1.57,8,3,1,1,3,2,0,0.1091,8,5,1,2,2,0.1132,0.8868,0
8,193,49,H08_0193_04,30,15,14,1,1,interativo,0,0.0,0.0,0,1,18,1,7,5,1,0.6745,3,5,1,2,2,0.9333,0.0667,1
8,193,49,H08_0193_05,0,16,11,5,4,misto,1,0.52,3.97,6,2,21,1,11,0,0,0.4727,4,5,1,2,2,0.6875,0.3125,0
8,194,54,H08_0194_01,28,60,22,38,5,cpu_bound,1,0.09,0.79,6,3,22,1,8,16,0,0.4455,8,8,3,2,3,0.3667,0.6333,0
8,194,54,H08_0194_02,25,20,6,14,3,misto,0,0.0,0.0,0,2,16,1,6,21,0,0.4273,4,8,3,2,3,0.3,0.7,0
8,194,54,H08_0194_03,51,20,18,2,2,io_bound,1,0.62,5.44,5,2,0,1,8,5,0,0.1818,4,8,3,2,3,0.9,0.1,0
8,194,54,H08_0194_04,4,10,3,7,2,interativo,0,0.0,0.0,0,1,25,1,3,0,1,0.7564,3,8,3,2,3,0.3,0.7,0
8,194,54,H08_0194_05,22,49,41,8,4,cpu_bound,0,0.0,0.0,0,3,22,1,8,8,0,0.4909,8,8,3,2,3,0.8367,0.1633,0
8,194,54,H08_0194_06,50,15,13,2,1,interativo,1,0.42,2.52,2,1,1,1,1,2,1,0.3655,3,8,3,2,3,0.8667,0.1333,1
8,194,54,H08_0194_07,41,10,2,8,1,tempo_real,0,0.0,0.0,0,1,2,1,1,1,1,0.3836,2,8,3,2,3,0.2,0.8,0
8,194,54,H08_0194_08,49,46,8,38,4,cpu_bound,0,0.0,0.0,0,3,1,1,3,5,0,0.1091,8,8,3,2,3,0.1739,0.8261,0
8,195,429,H08_0195_01,193,46,14,32,3,cpu_bound,0,0.0,0.0,0,3,152,1,4,111,0,1,8,7,2,2,3,0.3043,0.6957,0
8,195,429,H08_0195_02,177,12,7,5,2,io_bound,1,0.69,4.29,6,2,166,1,5,84,0,1,4,7,2,2,3,0.5833,0.4167,0
8,195,429,H08_0195_03,415,41,15,26,4,cpu_bound,0,0.0,0.0,0,3,8,1,1,9,0,0.2364,8,7,2,2,3,0.3659,0.6341,0
8,195,429,H08_0195_04,48,8,2,6,3,interativo,1,0.32,2.54,2,1,313,1,1,257,1,1,3,7,2,2,3,0.25,0.75,1
8,195,429,H08_0195_05,21,28,22,6,5,cpu_bound,0,0.0,0.0,0,3,354,1,10,237,0,1,8,7,2,2,3,0.7857,0.2143,0
8,195,429,H08_0195_06,410,17,4,13,3,io_bound,1,0.89,4.73,5,2,13,1,2,15,0,0.3727,4,7,2,2,3,0.2353,0.7647,0
8,195,429,H08_0195_07,171,9,5,4,2,interativo,1,0.47,1.83,4,1,18,1,4,9,1,0.6291,3,7,2,2,3,0.5556,0.4444,0
8,196,175,H08_0196_01,46,28,19,9,2,misto,1,0.7,2.74,6,2,98,1,8,76,0,1,4,7,2,3,2,0.6786,0.3214,1
8,196,175,H08_0196_02,8,45,43,2,3,cpu_bound,0,0.0,0.0,0,3,38,1,10,38,0,1,8,7,2,3,2,0.9556,0.0444,0
8,196,175,H08_0196_03,172,20,7,13,3,misto,0,0.0,0.0,0,2,3,1,1,1,0,0.1909,4,7,2,3,2,0.35,0.65,0
8,196,175,H08_0196_04,1,13,6,7,3,io_bound,1,0.76,5.75,4,2,77,1,6,62,0,1,4,7,2,3,2,0.4615,0.5385,0
8,196,175,H08_0196_05,97,16,5,11,2,interativo,1,0.31,1.89,6,1,44,1,5,28,1,1,3,7,2,3,2,0.3125,0.6875,0
8,196,175,H08_0196_06,123,22,4,18,5,batch,1,0.24,3.44,11,3,20,1,2,13,0,0.4091,8,7,2,3,2,0.1818,0.8182,0
8,196,175,H08_0196_07,138,12,6,6,1,interativo,1,0.35,2.22,4,1,14,1,3,16,1,0.6018,3,7,2,3,2,0.5,0.5,0
8,197,101,H08_0197_01,63,11,8,3,2,interativo,1,0.26,1.35,2,1,10,1,2,5,1,0.4836,3,3,1,1,1,0.7273,0.2727,0
8,197,101,H08_0197_02,32,28,7,21,3,misto,1,0.65,2.73,6,2,52,1,2,45,0,1,4,3,1,1,1,0.25,0.75,1
8,197,101,H08_0197_03,15,54,13,41,5,cpu_bound,0,0.0,0.0,0,3,46,1,8,51,0,1,8,3,1,1,1,0.2407,0.7593,0
8,198,404,H08_0198_01,365,45,33,12,4,batch,1,0.38,2.32,5,3,15,1,4,15,0,0.3636,8,3,0,1,2,0.7333,0.2667,0
8,198,404,H08_0198_02,361,25,0,25,5,batch,1,0.53,1.6,8,3,15,0,0,0,0,0.3182,8,3,0,1,2,0.0,1.0,0
8,198,404,H08_0198_03,318,28,21,7,3,misto,0,0.0,0.0,0,2,17,1,12,1,0,0.4455,4,3,0,1,2,0.75,0.25,1
8,199,224,H08_0199_01,143,46,17,29,3,cpu_bound,0,0.0,0.0,0,3,14,1,3,18,0,0.3909,8,6,1,3,2,0.3696,0.6304,0
8,199,224,H08_0199_02,92,12,9,3,1,interativo,1,0.56,1.52,3,1,13,1,5,2,1,0.5836,3,6,1,3,2,0.75,0.25,0
8,199,224,H08_0199_03,49,20,12,8,2,misto,1,0.57,3.14,3,2,97,1,6,68,0,1,4,6,1,3,2,0.6,0.4,1
8,199,224,H08_0199_04,197,19,4,15,4,misto,1,0.33,2.08,5,2,6,1,4,6,0,0.2,4,6,1,3,2,0.2105,0.7895,0
8,199,224,H08_0199_05,113,11,1,10,3,io_bound,1,0.76,2.75,6,2,8,1,1,11,0,0.2818,4,6,1,3,2,0.0909,0.9091,0
8,199,224,H08_0199_06,199,54,11,43,4,cpu_bound,0,0.0,0.0,0,3,5,1,3,10,0,0.1818,8,6,1,3,2,0.2037,0.7963,0
8,200,87,H08_0200_01,36,51,16,35,5,cpu_bound,0,0.0,0.0,0,3,44,1,7,48,0,1,8,8,3,2,3,0.3137,0.6863,0
8,200,87,H08_0200_02,80,8,7,1,1,interativo,1,0.33,2.88,6,1,3,1,2,7,1,0.4018,3,8,3,2,3,0.875,0.125,0
8,200,87,H08_0200_03,78,8,0,8,2,io_bound,1,0.79,5.83,8,2,8,0,0,0,0,0.3273,4,8,3,2,3,0.0,1.0,0
8,200,87,H08_0200_04,13,56,13,43,4,batch,0,0.0,0.0,0,3,23,1,1,22,0,0.5091,8,8,3,2,3,0.2321,0.7679,0
8,200,87,H08_0200_05,17,13,11,2,2,interativo,1,0.49,2.95,5,1,63,1,11,27,1,1,3,8,3,2,3,0.8462,0.1538,1
8,200,87,H08_0200_06,63,30,21,9,3,misto,1,0.6,2.64,5,2,16,1,4,19,0,0.4273,4,8,3,2,3,0.7,0.3,0
8,200,87,H08_0200_07,56,11,0,11,2,interativo,0,0.0,0.0,0,1,14,0,0,0,1,0.5564,3,8,3,2,3,0.0,1.0,0
8,200,87,H08_0200_08,74,65,55,10,3,cpu_bound,0,0.0,0.0,0,3,4,1,4,0,0,0.2091,8,8,3,2,3,0.8462,0.1538,0
9,201,384,H09_0201_01,283,20,18,2,2,io_bound,1,0.87,2.66,8,2,89,1,7,41,0,1,4,6,1,1,4,0.9,0.1,0
9,201,384,H09_0201_02,221,7,1,6,2,tempo_real,0,0.0,0.0,0,1,121,1,1,48,1,1,2,6,1,1,4,0.1429,0.8571,0
9,201,384,H09_0201_03,36,24,7,17,5,batch,0,0.0,0.0,0,3,311,1,5,17,0,1,8,6,1,1,4,0.2917,0.7083,1
9,201,384,H09_0201_04,257,25,2,23,5,batch,1,0.4,1.77,6,3,71,1,2,44,0,1,8,6,1,1,4,0.08,0.92,0
9,201,384,H09_0201_05,148,40,26,14,4,cpu_bound,0,0.0,0.0,0,3,208,1,10,164,0,1,8,6,1,1,4,0.65,0.35,0
9,201,384,H09_0201_06,56,60,42,18,5,batch,1,0.25,1.34,8,3,78,1,5,68,0,1,8,6,1,1,4,0.7,0.3,0
9,202,233,H09_0202_01,183,41,34,7,5,cpu_bound,0,0.0,0.0,0,3,42,1,7,15,0,0.9891,8,5,0,2,3,0.8293,0.1707,0
9,202,233,H09_0202_02,185,52,5,47,4,cpu_bound,0,0.0,0.0,0,3,33,1,4,8,0,0.8709,8,5,0,2,3,0.0962,0.9038,0
9,202,233,H09_0202_03,114,18,9,9,3,io_bound,1,0.9,3.57,5,2,35,1,8,23,0,0.7727,4,5,0,2,3,0.5,0.5,0
9,202,233,H09_0202_04,121,16,2,14,3,io_bound,1,0.7,5.41,6,2,79,1,2,17,0,1,4,5,0,2,3,0.125,0.875,1
9,202,233,H09_0202_05,230,33,4,29,5,batch,1,0.32,1.08,6,3,3,1,3,3,0,0.1,8,5,0,2,3,0.1212,0.8788,0
9,203,377,H09_0203_01,338,15,1,14,4,misto,1,0.59,2.51,5,2,3,1,1,2,0,0.1455,4,6,0,2,4,0.0667,0.9333,0
9,203,377,H09_0203_02,178,58,36,22,5,batch,0,0.0,0.0,0,3,118,1,5,65,0,1,8,6,0,2,4,0.6207,0.3793,0
9,203,377,H09_0203_03,297,63,31,32,4,cpu_bound,0,0.0,0.0,0,3,64,1,1,46,0,1,8,6,0,2,4,0.4921,0.5079,0
9,203,377,H09_0203_04,354,6,0,6,3,io_bound,1,0.79,3.46,5,2,18,0,0,0,0,0.4636,4,6,0,2,4,0.0,1.0,0
9,203,377,H09_0203_05,211,58,39,19,4,cpu_bound,1,0.24,1.0,4,3,149,1,4,43,0,1,8,6,0,2,4,0.6724,0.3276,1
9,203,377,H09_0203_06,73,47,45,2,4,cpu_bound,0,0.0,0.0,0,3,117,1,4,52,0,1,8,6,0,2,4,0.9574,0.0426,0
9,204,315,H09_0204_01,175,32,31,1,4,batch,0,0.0,0.0,0,3,133,1,2,35,0,1,8,7,1,2,4,0.9688,0.0312,0
9,204,315,H09_0204_02,7,10,4,6,2,misto,0,0.0,0.0,0,2,297,1,1,126,0,1,4,7,1,2,4,0.4,0.6,1
9,204,315,H09_0204_03,112,59,0,59,4,cpu_bound,0,0.0,0.0,0,3,172,0,0,0,0,1,8,7,1,2,4,0.0,1.0,0
9,204,315,H09_0204_04,287,24,17,7,5,batch,1,0.3,1.95,4,3,5,1,2,4,0,0.1364,8,7,1,2,4,0.7083,0.2917,0
9,204,315,H09_0204_05,26,13,4,9,1,interativo,1,0.35,1.37,2,1,33,1,3,0,1,0.9473,3,7,1,2,4,0.3077,0.6923,0
9,204,315,H09_0204_06,138,58,22,36,5,cpu_bound,0,0.0,0.0,0,3,61,1,6,24,0,1,8,7,1,2,4,0.3793,0.6207,0
9,204,315,H09_0204_07,45,17,2,15,4,io_bound,1,0.55,4.84,6,2,31,1,2,27,0,0.6545,4,7,1,2,4,0.1176,0.8824,0
9,205,388,H09_0205_01,69,8,4,4,1,tempo_real,0,0.0,0.0,0,1,5,1,3,5,1,0.4382,2,7,5,1,1,0.5,0.5,0
9,205,388,H09_0205_02,318,15,7,8,4,misto,1,0.68,3.81,6,2,52,1,4,36,0,1,4,7,5,1,1,0.4667,0.5333,0
9,205,388,H09_0205_03,388,3,0,3,1,tempo_real,0,0.0,0.0,0,1,0,0,0,0,1,0.3473,2,7,5,1,1,0.0,1.0,0
9,205,388,H09_0205_04,190,4,0,4,1,tempo_real,0,0.0,0.0,0,1,164,0,0,0,1,1,2,7,5,1,1,0.0,1.0,1
9,205,388,H09_0205_05,47,35,22,13,4,cpu_bound,0,0.0,0.0,0,3,187,1,2,81,0,1,8,7,5,1,1,0.6286,0.3714,0
9,205,388,H09_0205_06,177,6,4,2,1,tempo_real,0,0.0,0.0,0,1,74,1,2,53,1,1,2,7,5,1,1,0.6667,0.3333,0
9,205,388,H09_0205_07,282,7,2,5,2,interativo,1,0.65,1.53,6,1,64,1,2,62,1,1,3,7,5,1,1,0.2857,0.7143,0
9,206,315,H09_0206_01,171,36,16,20,5,batch,1,0.3,1.09,6,3,124,1,7,118,0,1,8,6,1,4,1,0.4444,0.5556,0
9,206,315,H09_0206_02,86,27,26,1,4,misto,1,0.6,3.55,3,2,228,1,3,100,0,1,4,6,1,4,1,0.963,0.037,1
9,206,315,H09_0206_03,136,10,9,1,3,misto,1,0.58,2.48,7,2,150,1,3,59,0,1,4,6,1,4,1,0.9,0.1,0
9,206,315,H09_0206_04,297,15,4,11,3,io_bound,1,0.72,2.84,9,2,16,1,2,19,0,0.4273,4,6,1,4,1,0.2667,0.7333,0
9,206,315,H09_0206_05,19,12,2,10,4,misto,1,0.41,2.2,6,2,74,1,2,45,0,1,4,6,1,4,1,0.1667,0.8333,0
9,206,315,H09_0206_06,86,5,2,3,2,interativo,0,0.0,0.0,0,1,191,1,2,3,1,1,3,6,1,4,1,0.4,0.6,0
9,207,403,H09_0207_01,341,17,7,10,2,misto,1,0.64,3.34,8,2,5,1,6,8,0,0.2727,4,3,0,1,2,0.4118,0.5882,0
9,207,403,H09_0207_02,29,51,34,17,4,cpu_bound,1,0.2,1.17,5,3,161,1,8,35,0,1,8,3,0,1,2,0.6667,0.3333,1
9,207,403,H09_0207_03,244,44,1,43,5,batch,1,0.28,1.05,12,3,136,1,1,139,0,1,8,3,0,1,2,0.0227,0.9773,0
9,208,385,H09_0208_01,205,21,20,1,5,batch,0,0.0,0.0,0,3,22,1,11,24,0,0.4455,8,8,1,5,2,0.9524,0.0476,0
9,208,385,H09_0208_02,327,29,9,20,3,misto,1,0.47,3.34,8,2,12,1,5,5,0,0.3545,4,8,1,5,2,0.3103,0.6897,0
9,208,385,H09_0208_03,190,6,0,6,2,interativo,1,0.59,2.23,2,1,96,0,0,0,1,1,3,8,1,5,2,0.0,1.0,0
9,208,385,H09_0208_04,122,20,4,16,3,io_bound,1,0.81,5.09,11,2,106,1,4,40,0,1,4,8,1,5,2,0.2,0.8,0
9,208,385,H09_0208_05,212,49,34,15,5,batch,0,0.0,0.0,0,3,158,1,7,70,0,1,8,8,1,5,2,0.6939,0.3061,0
9,208,385,H09_0208_06,356,6,0,6,3,io_bound,1,0.9,4.65,8,2,12,0,0,0,0,0.3545,4,8,1,5,2,0.0,1.0,0
9,208,385,H09_0208_07,363,6,4,2,4,io_bound,1,0.72,5.98,4,2,3,1,4,2,0,0.1455,4,8,1,5,2,0.6667,0.3333,0
9,208,385,H09_0208_08,170,17,0,17,3,misto,1,0.45,3.36,7,2,166,0,0,0,0,1,4,8,1,5,2,0.0,1.0,1
9,209,442,H09_0209_01,241,8,6,2,2,interativo,1,0.34,2.36,3,1,17,1,4,18,1,0.6109,3,3,2,0,1,0.75,0.25,0
9,209,442,H09_0209_02,175,32,29,3,4,cpu_bound,0,0.0,0.0,0,3,187,1,3,77,0,1,8,3,2,0,1,0.9062,0.0938,0
9,209,442,H09_0209_03,102,10,1,9,3,interativo,1,0.64,1.67,3,1,126,1,1,81,1,1,3,3,2,0,1,0.1,0.9,1
9,210,373,H09_0210_01,165,7,1,6,2,interativo,1,0.29,1.7,2,1,97,1,1,35,1,1,3,7,2,1,4,0.1429,0.8571,0
9,210,373,H09_0210_02,308,4,1,3,1,tempo_real,1,0.18,0.67,2,1,29,1,1,22,1,0.8745,2,7,2,1,4,0.25,0.75,0
9,210,373,H09_0210_03,36,14,12,2,4,misto,1,0.3,3.79,8,2,127,1,3,66,0,1,4,7,2,1,4,0.8571,0.1429,0
9,210,373,H09_0210_04,197,51,26,25,4,batch,1,0.28,1.84,5,3,173,1,3,149,0,1,8,7,2,1,4,0.5098,0.4902,0
9,210,373,H09_0210_05,109,44,22,22,5,cpu_bound,0,0.0,0.0,0,3,33,1,1,20,0,0.8255,8,7,2,1,4,0.5,0.5,0
9,210,373,H09_0210_06,80,54,3,51,4,batch,1,0.28,1.25,8,3,140,1,3,87,0,1,8,7,2,1,4,0.0556,0.9444,0
9,210,373,H09_0210_07,195,48,47,1,4,cpu_bound,1,0.19,0.65,6,3,147,1,10,111,0,1,8,7,2,1,4,0.9792,0.0208,1
9,211,188,H09_0211_01,128,12,3,9,2,interativo,1,0.38,1.76,5,1,60,1,2,48,1,1,3,9,4,3,2,0.25,0.75,0
9,211,188,H09_0211_02,126,14,7,7,2,interativo,1,0.35,1.71,2,1,0,1,2,0,1,0.3018,3,9,4,3,2,0.5,0.5,0
9,211,188,H09_0211_03,117,49,43,6,5,batch,0,0.0,0.0,0,3,68,1,12,4,0,1,8,9,4,3,2,0.8776,0.1224,0
9,211,188,H09_0211_04,167,13,1,12,3,misto,0,0.0,0.0,0,2,18,1,1,19,0,0.4636,4,9,4,3,2,0.0769,0.9231,0
9,211,188,H09_0211_05,44,4,0,4,1,tempo_real,0,0.0,0.0,0,1,31,0,0,0,1,0.9109,2,9,4,3,2,0.0,1.0,0
9,211,188,H09_0211_06,127,41,37,4,3,cpu_bound,0,0.0,0.0,0,3,13,1,5,9,0,0.3727,8,9,4,3,2,0.9024,0.0976,0
9,211,188,H09_0211_07,108,14,12,2,4,misto,1,0.38,1.75,3,2,71,1,7,7,0,1,4,9,4,3,2,0.8571,0.1429,0
9,211,188,H09_0211_08,128,5,1,4,1,tempo_real,1,0.08,0.47,4,1,9,1,1,0,1,0.5109,2,9,4,3,2,0.2,0.8,0
9,211,188,H09_0211_09,26,8,7,1,2,io_bound,1,0.83,5.76,11,2,75,1,3,4,0,1,4,9,4,3,2,0.875,0.125,1
9,212,261,H09_0212_01,154,10,3,7,1,interativo,1,0.52,1.68,5,1,0,1,2,3,1,0.3473,3,8,1,3,4,0.3,0.7,0
9,212,261,H09_0212_02,154,38,35,3,5,batch,1,0.54,2.68,5,3,54,1,7,38,0,1,8,8,1,3,4,0.9211,0.0789,0
9,212,261,H09_0212_03,81,60,1,59,3,cpu_bound,0,0.0,0.0,0,3,47,1,1,42,0,1,8,8,1,3,4,0.0167,0.9833,0
9,212,261,H09_0212_04,124,15,6,9,3,io_bound,1,0.76,5.41,5,2,40,1,3,16,0,0.8636,4,8,1,3,4,0.4,0.6,0
9,212,261,H09_0212_05,230,34,25,9,4,batch,0,0.0,0.0,0,3,5,1,6,6,0,0.1818,8,8,1,3,4,0.7353,0.2647,0
9,212,261,H09_0212_06,210,18,1,17,2,misto,1,0.39,2.68,8,2,21,1,1,26,0,0.5636,4,8,1,3,4,0.0556,0.9444,0
9,212,261,H09_0212_07,94,47,11,36,5,batch,1,0.2,2.2,12,3,146,1,9,7,0,1,8,8,1,3,4,0.234,0.766,0
9,212,261,H09_0212_08,98,11,3,8,3,io_bound,1,0.83,2.91,4,2,110,1,3,105,0,1,4,8,1,3,4,0.2727,0.7273,1
9,213,318,H09_0213_01,126,20,12,8,2,io_bound,1,0.76,3.97,9,2,40,1,11,31,0,0.9091,4,7,1,3,3,0.6,0.4,0
9,213,318,H09_0213_02,80,28,6,22,4,misto,1,0.67,1.75,8,2,145,1,2,11,0,1,4,7,1,3,3,0.2143,0.7857,0
9,213,318,H09_0213_03,282,10,2,8,3,interativo,1,0.63,1.54,6,1,29,1,1,25,1,0.7836,3,7,1,3,3,0.2,0.8,0
9,213,318,H09_0213_04,168,42,23,19,5,batch,1,0.33,3.41,6,3,114,1,1,94,0,1,8,7,1,3,3,0.5476,0.4524,0
9,213,318,H09_0213_05,33,22,19,3,5,batch,1,0.49,2.69,8,3,272,1,7,125,0,1,8,7,1,3,3,0.8636,0.1364,1
9,213,318,H09_0213_06,308,30,7,23,4,batch,0,0.0,0.0,0,3,1,1,3,6,0,0.1091,8,7,1,3,3,0.2333,0.7667,0
9,213,318,H09_0213_07,309,14,6,8,3,misto,1,0.43,3.77,4,2,2,1,1,1,0,0.1727,4,7,1,3,3,0.4286,0.5714,0
9,214,406,H09_0214_01,251,16,10,6,2,interativo,0,0.0,0.0,0,1,20,1,2,7,1,0.6655,3,9,5,3,1,0.625,0.375,0
9,214,406,H09_0214_02,86,15,0,15,2,io_bound,1,0.85,5.91,6,2,58,0,0,0,0,1,4,9,5,3,1,0.0,1.0,0
9,214,406,H09_0214_03,176,7,0,7,2,tempo_real,0,0.0,0.0,0,1,77,0,0,0,1,1,2,9,5,3,1,0.0,1.0,0
9,214,406,H09_0214_04,72,5,4,1,1,tempo_real,0,0.0,0.0,0,1,252,1,4,196,1,1,2,9,5,3,1,0.8,0.2,0
9,214,406,H09_0214_05,287,17,4,13,4,io_bound,1,0.88,2.71,4,2,45,1,3,22,0,0.9091,4,9,5,3,1,0.2353,0.7647,0
9,214,406,H09_0214_06,234,7,6,1,3,io_bound,1,0.79,4.07,12,2,136,1,1,110,0,1,4,9,5,3,1,0.8571,0.1429,0
9,214,406,H09_0214_07,147,26,13,13,4,cpu_bound,0,0.0,0.0,0,3,121,1,4,51,0,1,8,9,5,3,1,0.5,0.5,0
9,214,406,H09_0214_08,329,8,4,4,2,tempo_real,0,0.0,0.0,0,1,42,1,2,28,1,1,2,9,5,3,1,0.5,0.5,0
9,214,406,H09_0214_09,54,15,10,5,3,interativo,1,0.33,1.96,5,1,341,1,6,318,1,1,3,9,5,3,1,0.6667,0.3333,1
9,215,349,H09_0215_01,133,21,7,14,4,misto,1,0.4,3.5,6,2,201,1,1,174,0,1,4,3,0,2,1,0.3333,0.6667,1
9,215,349,H09_0215_02,308,13,5,8,4,io_bound,1,0.78,2.78,5,2,19,1,3,24,0,0.4364,4,3,0,2,1,0.3846,0.6154,0
9,215,349,H09_0215_03,169,26,6,20,4,cpu_bound,0,0.0,0.0,0,3,135,1,2,41,0,1,8,3,0,2,1,0.2308,0.7692,0
9,216,10,H09_0216_01,0,8,2,6,3,interativo,1,0.39,2.69,3,1,2,1,2,3,1,0.2927,3,9,3,4,2,0.25,0.75,0
9,216,10,H09_0216_02,9,13,7,6,2,interativo,1,0.52,2.74,5,1,1,1,6,5,1,0.32,3,9,3,4,2,0.5385,0.4615,1
9,216,10,H09_0216_03,0,14,0,14,3,interativo,1,0.61,2.39,2,1,6,0,0,0,1,0.3655,3,9,3,4,2,0.0,1.0,0
9,216,10,H09_0216_04,10,19,1,18,4,io_bound,1,0.78,5.1,8,2,0,1,1,0,0,0.0909,4,9,3,4,2,0.0526,0.9474,0
9,216,10,H09_0216_05,5,15,7,8,3,io_bound,1,0.84,2.65,10,2,5,1,5,2,0,0.2273,4,9,3,4,2,0.4667,0.5333,0
9,216,10,H09_0216_06,8,15,14,1,4,misto,0,0.0,0.0,0,2,1,1,8,3,0,0.1091,4,9,3,4,2,0.9333,0.0667,0
9,216,10,H09_0216_07,6,49,46,3,4,cpu_bound,0,0.0,0.0,0,3,0,1,6,3,0,0.0909,8,9,3,4,2,0.9388,0.0612,0
9,216,10,H09_0216_08,5,35,3,32,4,cpu_bound,0,0.0,0.0,0,3,3,1,3,0,0,0.1455,8,9,3,4,2,0.0857,0.9143,0
9,216,10,H09_0216_09,5,12,0,12,3,misto,1,0.6,1.61,4,2,0,0,0,0,0,0.1364,4,9,3,4,2,0.0,1.0,0
9,217,8,H09_0217_01,8,63,7,56,5,cpu_bound,0,0.0,0.0,0,3,0,1,6,2,0,0.0455,8,5,1,2,2,0.1111,0.8889,0
9,217,8,H09_0217_02,6,7,4,3,2,interativo,1,0.43,1.22,5,1,1,1,3,4,1,0.32,3,5,1,2,2,0.5714,0.4286,1
9,217,8,H09_0217_03,6,18,4,14,3,misto,1,0.32,3.46,8,2,0,1,1,1,0,0.1364,4,5,1,2,2,0.2222,0.7778,0
9,217,8,H09_0217_04,1,51,5,46,4,cpu_bound,1,0.2,0.21,5,3,5,1,4,8,0,0.1818,8,5,1,2,2,0.098,0.902,0
9,217,8,H09_0217_05,7,6,5,1,3,io_bound,1,0.8,4.59,7,2,1,1,4,4,0,0.1545,4,5,1,2,2,0.8333,0.1667,0
9,218,16,H09_0218_01,9,10,9,1,1,tempo_real,0,0.0,0.0,0,1,0,1,4,3,1,0.3473,2,9,2,5,2,0.9,0.1,1
9,218,16,H09_0218_02,12,14,1,13,2,interativo,1,0.52,2.97,4,1,4,1,1,5,1,0.3745,3,9,2,5,2,0.0714,0.9286,0
9,218,16,H09_0218_03,1,57,17,40,4,cpu_bound,0,0.0,0.0,0,3,6,1,9,11,0,0.2,8,9,2,5,2,0.2982,0.7018,0
9,218,16,H09_0218_04,14,25,1,24,2,misto,0,0.0,0.0,0,2,2,1,1,1,0,0.2182,4,9,2,5,2,0.04,0.96,0
9,218,16,H09_0218_05,7,16,9,7,4,misto,1,0.36,2.53,4,2,8,1,5,12,0,0.2364,4,9,2,5,2,0.5625,0.4375,0
9,218,16,H09_0218_06,8,16,11,5,3,io_bound,1,0.71,5.9,9,2,8,1,9,13,0,0.2818,4,9,2,5,2,0.6875,0.3125,0
9,218,16,H09_0218_07,16,9,2,7,3,io_bound,1,0.82,3.83,7,2,0,1,2,3,0,0.1364,4,9,2,5,2,0.2222,0.7778,0
9,218,16,H09_0218_08,2,12,4,8,2,io_bound,0,0.0,0.0,0,2,14,1,2,3,0,0.4364,4,9,2,5,2,0.3333,0.6667,0
9,218,16,H09_0218_09,3,60,26,34,5,batch,1,0.28,2.2,11,3,0,1,12,5,0,0.0455,8,9,2,5,2,0.4333,0.5667,0
9,219,439,H09_0219_01,10,15,10,5,2,io_bound,1,0.55,3.01,6,2,1,1,6,3,0,0.2,4,9,3,6,0,0.6667,0.3333,0
9,219,439,H09_0219_02,193,9,6,3,2,interativo,1,0.3,2.1,3,1,10,1,5,12,1,0.4836,3,9,3,6,0,0.6667,0.3333,0
9,219,439,H09_0219_03,144,14,2,12,4,io_bound,1,0.68,4.4,6,2,246,1,2,53,0,1,4,9,3,6,0,0.1429,0.8571,0
9,219,439,H09_0219_04,385,16,13,3,4,misto,1,0.36,2.19,3,2,7,1,6,5,0,0.2182,4,9,3,6,0,0.8125,0.1875,0
9,219,439,H09_0219_05,66,12,0,12,4,misto,0,0.0,0.0,0,2,292,0,0,0,0,1,4,9,3,6,0,0.0,1.0,1
9,219,439,H09_0219_06,163,15,11,4,4,io_bound,1,0.71,3.11,5,2,156,1,9,17,0,1,4,9,3,6,0,0.7333,0.2667,0
9,219,439,H09_0219_07,140,25,15,10,2,misto,1,0.48,2.06,3,2,93,1,11,67,0,1,4,9,3,6,0,0.6,0.4,0
9,219,439,H09_0219_08,56,14,7,7,2,interativo,0,0.0,0.0,0,1,124,1,5,125,1,1,3,9,3,6,0,0.5,0.5,0
9,219,439,H09_0219_09,85,12,5,7,1,interativo,0,0.0,0.0,0,1,94,1,2,94,1,1,3,9,3,6,0,0.4167,0.5833,0
9,220,322,H09_0220_01,196,25,6,19,3,cpu_bound,0,0.0,0.0,0,3,101,1,1,32,0,1,8,8,2,2,4,0.24,0.76,0
9,220,322,H09_0220_02,26,49,48,1,5,batch,1,0.42,2.67,12,3,230,1,9,42,0,1,8,8,2,2,4,0.9796,0.0204,1
9,220,322,H09_0220_03,100,5,4,1,2,tempo_real,1,0.15,0.11,2,1,75,1,2,20,1,1,2,8,2,2,4,0.8,0.2,0
9,220,322,H09_0220_04,253,14,12,2,3,io_bound,1,0.57,4.48,12,2,46,1,7,28,0,0.9727,4,8,2,2,4,0.8571,0.1429,0
9,220,322,H09_0220_05,295,15,13,2,2,interativo,0,0.0,0.0,0,1,13,1,5,16,1,0.5382,3,8,2,2,4,0.8667,0.1333,0
9,220,322,H09_0220_06,130,17,11,6,3,io_bound,1,0.56,3.66,7,2,163,1,8,145,0,1,4,8,2,2,4,0.6471,0.3529,0
9,220,322,H09_0220_07,101,44,8,36,3,cpu_bound,0,0.0,0.0,0,3,65,1,4,18,0,1,8,8,2,2,4,0.1818,0.8182,0
9,220,322,H09_0220_08,234,56,39,17,4,cpu_bound,1,0.2,0.9,5,3,81,1,4,18,0,1,8,8,2,2,4,0.6964,0.3036,0
9,221,65,H09_0221_01,16,10,0,10,3,interativo,1,0.62,2.76,5,1,5,0,0,0,1,0.3473,3,9,3,3,3,0.0,1.0,0
9,221,65,H09_0221_02,28,20,2,18,3,io_bound,1,0.78,4.96,12,2,24,1,1,18,0,0.5727,4,9,3,3,3,0.1,0.9,0
9,221,65,H09_0221_03,18,29,19,10,4,batch,1,0.42,2.7,10,3,39,1,9,27,0,0.98,8,9,3,3,3,0.6552,0.3448,0
9,221,65,H09_0221_04,58,5,1,4,2,interativo,1,0.45,2.29,4,1,7,1,1,6,1,0.4291,3,9,3,3,3,0.2,0.8,0
9,221,65,H09_0221_05,32,55,17,38,5,cpu_bound,0,0.0,0.0,0,3,13,1,11,12,0,0.2818,8,9,3,3,3,0.3091,0.6909,0
9,221,65,H09_0221_06,16,14,0,14,4,io_bound,1,0.8,3.26,12,2,5,0,0,0,0,0.1818,4,9,3,3,3,0.0,1.0,0
9,221,65,H09_0221_07,6,17,2,15,3,io_bound,1,0.68,4.34,10,2,21,1,2,23,0,0.5182,4,9,3,3,3,0.1176,0.8824,0
9,221,65,H09_0221_08,43,55,28,27,4,cpu_bound,0,0.0,0.0,0,3,14,1,7,17,0,0.3455,8,9,3,3,3,0.5091,0.4909,0
9,221,65,H09_0221_09,19,11,3,8,1,interativo,1,0.64,2.38,5,1,17,1,3,11,1,0.6564,3,9,3,3,3,0.2727,0.7273,1
9,222,6,H09_0222_01,4,11,9,2,2,interativo,0,0.0,0.0,0,1,0,1,2,4,1,0.3018,3,3,1,1,1,0.8182,0.1818,1
9,222,6,H09_0222_02,5,10,1,9,4,misto,1,0.4,2.92,6,2,0,1,1,3,0,0.0909,4,3,1,1,1,0.1,0.9,0
9,222,6,H09_0222_03,6,55,37,18,4,batch,1,0.39,1.95,7,3,0,1,8,0,0,0.0909,8,3,1,1,1,0.6727,0.3273,0
9,223,329,H09_0223_01,203,26,1,25,5,cpu_bound,0,0.0,0.0,0,3,56,1,1,35,0,1,8,5,1,2,2,0.0385,0.9615,0
9,223,329,H09_0223_02,307,55,13,42,5,batch,1,0.3,2.21,12,3,1,1,4,3,0,0.0636,8,5,1,2,2,0.2364,0.7636,0
9,223,329,H09_0223_03,67,10,8,2,3,misto,1,0.49,3.35,8,2,232,1,5,218,0,1,4,5,1,2,2,0.8,0.2,1
9,223,329,H09_0223_04,64,7,1,6,3,io_bound,1,0.62,4.11,4,2,18,1,1,19,0,0.4636,4,5,1,2,2,0.1429,0.8571,0
9,223,329,H09_0223_05,215,14,1,13,2,interativo,0,0.0,0.0,0,1,17,1,1,19,1,0.6109,3,5,1,2,2,0.0714,0.9286,0
9,224,37,H09_0224_01,3,36,13,23,5,batch,0,0.0,0.0,0,3,27,1,12,12,0,0.7164,8,9,2,2,5,0.3611,0.6389,0
9,224,37,H09_0224_02,33,30,25,5,3,cpu_bound,0,0.0,0.0,0,3,0,1,9,2,0,0.1364,8,9,2,2,5,0.8333,0.1667,0
9,224,37,H09_0224_03,2,36,1,35,5,cpu_bound,0,0.0,0.0,0,3,35,1,1,21,0,0.8618,8,9,2,2,5,0.0278,0.9722,0
9,224,37,H09_0224_04,21,8,5,3,1,interativo,0,0.0,0.0,0,1,7,1,5,2,1,0.4745,3,9,2,2,5,0.625,0.375,1
9,224,37,H09_0224_05,1,8,3,5,2,tempo_real,0,0.0,0.0,0,1,2,1,2,4,1,0.3382,2,9,2,2,5,0.375,0.625,0
9,224,37,H09_0224_06,16,12,7,5,3,misto,1,0.56,1.95,3,2,18,1,7,9,0,0.4636,4,9,2,2,5,0.5833,0.4167,0
9,224,37,H09_0224_07,19,28,25,3,4,misto,0,0.0,0.0,0,2,17,1,10,15,0,0.4,4,9,2,2,5,0.8929,0.1071,0
9,224,37,H09_0224_08,21,54,33,21,5,batch,0,0.0,0.0,0,3,15,1,9,16,0,0.3182,8,9,2,2,5,0.6111,0.3889,0
9,224,37,H09_0224_09,22,35,30,5,5,cpu_bound,0,0.0,0.0,0,3,11,1,5,16,0,0.2455,8,9,2,2,5,0.8571,0.1429,0
9,225,134,H09_0225_01,119,9,0,9,2,interativo,0,0.0,0.0,0,1,13,0,0,0,1,0.5382,3,3,1,1,1,0.0,1.0,1
9,225,134,H09_0225_02,93,26,7,19,2,misto,1,0.59,1.69,7,2,8,1,1,3,0,0.3273,4,3,1,1,1,0.2692,0.7308,0
9,225,134,H09_0225_03,97,33,2,31,5,batch,0,0.0,0.0,0,3,37,1,1,41,0,0.8982,8,3,1,1,1,0.0606,0.9394,0
10,226,193,H10_0226_01,8,10,6,4,3,interativo,1,0.35,2.08,2,1,115,1,3,113,1,1,3,5,2,2,1,0.6,0.4,1
10,226,193,H10_0226_02,2,14,6,8,4,io_bound,1,0.76,3.63,8,2,44,1,5,11,0,0.8909,4,5,2,2,1,0.4286,0.5714,0
10,226,193,H10_0226_03,184,28,22,6,4,misto,1,0.39,3.18,8,2,0,1,6,5,0,0.0909,4,5,2,2,1,0.7857,0.2143,0
10,226,193,H10_0226_04,12,50,4,46,5,batch,0,0.0,0.0,0,3,80,1,1,82,0,1,8,5,2,2,1,0.08,0.92,0
10,226,193,H10_0226_05,46,7,5,2,1,tempo_real,0,0.0,0.0,0,1,14,1,3,17,1,0.6018,2,5,2,2,1,0.7143,0.2857,0
10,227,124,H10_0227_01,66,26,17,9,5,batch,0,0.0,0.0,0,3,25,1,6,17,0,0.5,8,3,0,2,1,0.6538,0.3462,0
10,227,124,H10_0227_02,102,17,3,14,3,io_bound,1,0.85,4.78,11,2,4,1,3,6,0,0.2091,4,3,0,2,1,0.1765,0.8235,0
10,227,124,H10_0227_03,11,25,6,19,2,misto,1,0.56,2.79,9,2,1,1,5,2,0,0.2,4,3,0,2,1,0.24,0.76,1
10,228,350,H10_0228_01,87,7,5,2,2,interativo,1,0.58,2.16,2,1,104,1,4,0,1,1,3,3,1,1,1,0.7143,0.2857,0
10,228,350,H10_0228_02,5,25,7,18,2,misto,0,0.0,0.0,0,2,180,1,5,140,0,1,4,3,1,1,1,0.28,0.72,1
10,228,350,H10_0228_03,160,57,38,19,5,batch,1,0.33,2.65,12,3,61,1,8,28,0,1,8,3,1,1,1,0.6667,0.3333,0
10,229,284,H10_0229_01,4,14,7,7,3,io_bound,0,0.0,0.0,0,2,199,1,7,173,0,1,4,7,4,1,2,0.5,0.5,0
10,229,284,H10_0229_02,24,15,2,13,2,interativo,1,0.37,2.07,2,1,240,1,2,116,1,1,3,7,4,1,2,0.1333,0.8667,1
10,229,284,H10_0229_03,55,26,14,12,5,batch,1,0.51,2.02,7,3,31,1,11,1,0,0.7891,8,7,4,1,2,0.5385,0.4615,0
10,229,284,H10_0229_04,221,60,57,3,4,batch,0,0.0,0.0,0,3,6,1,4,9,0,0.2,8,7,4,1,2,0.95,0.05,0
10,229,284,H10_0229_05,239,6,1,5,1,tempo_real,0,0.0,0.0,0,1,45,1,1,26,1,1,2,7,4,1,2,0.1667,0.8333,0
10,229,284,H10_0229_06,99,9,2,7,1,tempo_real,0,0.0,0.0,0,1,181,1,1,24,1,1,2,7,4,1,2,0.2222,0.7778,0
10,229,284,H10_0229_07,121,6,0,6,1,tempo_real,0,0.0,0.0,0,1,96,0,0,0,1,1,2,7,4,1,2,0.0,1.0,0
10,230,214,H10_0230_01,9,5,4,1,1,tempo_real,1,0.17,0.66,4,1,146,1,1,31,1,1,2,3,2,1,0,0.8,0.2,1
10,230,214,H10_0230_02,178,9,5,4,3,io_bound,1,0.6,4.55,12,2,17,1,5,9,0,0.4455,4,3,2,1,0,0.5556,0.4444,0
10,230,214,H10_0230_03,126,9,4,5,3,interativo,1,0.6,2.32,2,1,33,1,3,7,1,0.8564,3,3,2,1,0,0.4444,0.5556,0
10,231,370,H10_0231_01,153,30,1,29,2,misto,1,0.65,3.01,9,2,51,1,1,53,0,1,4,3,1,1,1,0.0333,0.9667,0
10,231,370,H10_0231_02,101,13,8,5,1,interativo,1,0.52,1.76,3,1,9,1,1,12,1,0.5109,3,3,1,1,1,0.6154,0.3846,0
10,231,370,H10_0231_03,89,23,9,14,5,batch,0,0.0,0.0,0,3,161,1,3,153,0,1,8,3,1,1,1,0.3913,0.6087,1
10,232,22,H10_0232_01,2,10,0,10,2,misto,0,0.0,0.0,0,2,3,0,0,0,0,0.2364,4,6,1,3,2,0.0,1.0,0
10,232,22,H10_0232_02,14,18,6,12,3,misto,1,0.56,3.67,7,2,3,1,4,3,0,0.1909,4,6,1,3,2,0.3333,0.6667,0
10,232,22,H10_0232_03,17,24,3,21,4,batch,1,0.49,1.91,4,3,5,1,3,8,0,0.1818,8,6,1,3,2,0.125,0.875,0
10,232,22,H10_0232_04,2,11,9,2,1,interativo,0,0.0,0.0,0,1,14,1,3,8,1,0.6018,3,6,1,3,2,0.8182,0.1818,1
10,232,22,H10_0232_05,22,39,8,31,5,batch,1,0.23,2.27,6,3,0,1,4,5,0,0.0455,8,6,1,3,2,0.2051,0.7949,0
10,232,22,H10_0232_06,5,12,9,3,3,misto,1,0.52,2.78,4,2,15,1,9,0,0,0.4091,4,6,1,3,2,0.75,0.25,0
10,233,280,H10_0233_01,71,20,15,5,4,misto,1,0.65,2.96,6,2,78,1,10,47,0,1,4,9,1,6,2,0.75,0.25,0
10,233,280,H10_0233_02,164,8,0,8,1,tempo_real,1,0.12,0.77,3,1,106,0,0,0,1,1,2,9,1,6,2,0.0,1.0,1
10,233,280,H10_0233_03,193,17,10,7,3,io_bound,1,0.7,4.82,6,2,46,1,8,26,0,0.9727,4,9,1,6,2,0.5882,0.4118,0
10,233,280,H10_0233_04,237,12,8,4,3,misto,0,0.0,0.0,0,2,2,1,8,1,0,0.1727,4,9,1,6,2,0.6667,0.3333,0
10,233,280,H10_0233_05,230,30,27,3,2,misto,1,0.47,2.92,8,2,7,1,12,12,0,0.3091,4,9,1,6,2,0.9,0.1,0
10,233,280,H10_0233_06,73,24,2,22,4,misto,1,0.55,2.72,9,2,99,1,2,8,0,1,4,9,1,6,2,0.0833,0.9167,0
10,233,280,H10_0233_07,92,30,8,22,5,batch,0,0.0,0.0,0,3,58,1,6,12,0,1,8,9,1,6,2,0.2667,0.7333,0
10,233,280,H10_0233_08,42,20,8,12,5,batch,1,0.54,1.27,4,3,53,1,2,44,0,1,8,9,1,6,2,0.4,0.6,0
10,233,280,H10_0233_09,79,13,11,2,2,io_bound,1,0.64,5.34,10,2,91,1,7,62,0,1,4,9,1,6,2,0.8462,0.1538,0
10,234,375,H10_0234_01,6,11,8,3,3,io_bound,1,0.68,2.61,10,2,83,1,6,6,0,1,4,4,1,1,2,0.7273,0.2727,1
10,234,375,H10_0234_02,244,60,28,32,5,batch,1,0.46,1.62,11,3,112,1,6,56,0,1,8,4,1,1,2,0.4667,0.5333,0
10,234,375,H10_0234_03,374,9,0,9,2,interativo,0,0.0,0.0,0,1,0,0,0,0,1,0.3018,3,4,1,1,2,0.0,1.0,0
10,234,375,H10_0234_04,179,58,0,58,5,batch,0,0.0,0.0,0,3,15,0,0,0,0,0.3182,8,4,1,1,2,0.0,1.0,0
10,235,140,H10_0235_01,108,28,11,17,4,cpu_bound,0,0.0,0.0,0,3,6,1,4,11,0,0.2,8,8,6,1,1,0.3929,0.6071,0
10,235,140,H10_0235_02,53,5,3,2,2,tempo_real,0,0.0,0.0,0,1,24,1,3,1,1,0.7382,2,8,6,1,1,0.6,0.4,0
10,235,140,H10_0235_03,62,11,5,6,2,misto,1,0.55,2.76,4,2,73,1,4,69,0,1,4,8,6,1,1,0.4545,0.5455,0
10,235,140,H10_0235_04,36,10,0,10,1,tempo_real,0,0.0,0.0,0,1,20,0,0,0,1,0.7109,2,8,6,1,1,0.0,1.0,0
10,235,140,H10_0235_05,22,6,3,3,2,interativo,0,0.0,0.0,0,1,69,1,2,37,1,1,3,8,6,1,1,0.5,0.5,0
10,235,140,H10_0235_06,113,8,3,5,2,tempo_real,0,0.0,0.0,0,1,1,1,3,2,1,0.32,2,8,6,1,1,0.375,0.625,0
10,235,140,H10_0235_07,0,16,7,9,2,interativo,1,0.55,2.51,3,1,7,1,5,0,1,0.4291,3,8,6,1,1,0.4375,0.5625,0
10,235,140,H10_0235_08,56,16,7,9,1,interativo,1,0.44,1.71,6,1,63,1,2,37,1,1,3,8,6,1,1,0.4375,0.5625,1
10,236,283,H10_0236_01,15,6,0,6,1,tempo_real,0,0.0,0.0,0,1,126,0,0,0,1,1,2,4,2,0,2,0.0,1.0,1
10,236,283,H10_0236_02,137,58,5,53,4,cpu_bound,0,0.0,0.0,0,3,105,1,5,85,0,1,8,4,2,0,2,0.0862,0.9138,0
10,236,283,H10_0236_03,275,14,4,10,1,interativo,0,0.0,0.0,0,1,0,1,4,4,1,0.3473,3,4,2,0,2,0.2857,0.7143,0
10,236,283,H10_0236_04,178,54,29,25,3,cpu_bound,0,0.0,0.0,0,3,39,1,4,23,0,1,8,4,2,0,2,0.537,0.463,0
10,237,19,H10_0237_01,7,7,6,1,1,tempo_real,0,0.0,0.0,0,1,7,1,5,10,1,0.4745,2,8,5,2,1,0.8571,0.1429,1
10,237,19,H10_0237_02,13,8,0,8,2,interativo,1,0.41,1.81,3,1,3,0,0,0,1,0.3564,3,8,5,2,1,0.0,1.0,0
10,237,19,H10_0237_03,6,20,19,1,5,batch,0,0.0,0.0,0,3,8,1,9,1,0,0.1909,8,8,5,2,1,0.95,0.05,0
10,237,19,H10_0237_04,13,7,4,3,2,interativo,1,0.44,1.21,3,1,5,1,1,9,1,0.3927,3,8,5,2,1,0.5714,0.4286,0
10,237,19,H10_0237_05,8,11,5,6,3,misto,1,0.48,3.96,6,2,3,1,4,4,0,0.1909,4,8,5,2,1,0.4545,0.5455,0
10,237,19,H10_0237_06,13,15,7,8,3,io_bound,0,0.0,0.0,0,2,2,1,2,6,0,0.1727,4,8,5,2,1,0.4667,0.5333,0
10,237,19,H10_0237_07,1,10,1,9,1,tempo_real,0,0.0,0.0,0,1,12,1,1,4,1,0.5655,2,8,5,2,1,0.1,0.9,0
10,237,19,H10_0237_08,18,11,4,7,2,interativo,1,0.42,1.31,5,1,0,1,4,3,1,0.3018,3,8,5,2,1,0.3636,0.6364,0
10,238,291,H10_0238_01,49,43,5,38,5,cpu_bound,0,0.0,0.0,0,3,108,1,1,64,0,1,8,9,2,4,3,0.1163,0.8837,0
10,238,291,H10_0238_02,64,12,7,5,4,io_bound,1,0.84,3.48,11,2,15,1,6,8,0,0.3636,4,9,2,4,3,0.5833,0.4167,0
10,238,291,H10_0238_03,67,15,12,3,2,interativo,1,0.37,2.86,3,1,119,1,1,57,1,1,3,9,2,4,3,0.8,0.2,0
10,238,291,H10_0238_04,64,7,4,3,3,interativo,1,0.3,1.91,4,1,207,1,3,87,1,1,3,9,2,4,3,0.5714,0.4286,1
10,238,291,H10_0238_05,112,12,7,5,2,misto,1,0.54,1.54,3,2,76,1,3,20,0,1,4,9,2,4,3,0.5833,0.4167,0
10,238,291,H10_0238_06,218,43,14,29,4,cpu_bound,0,0.0,0.0,0,3,2,1,3,0,0,0.1273,8,9,2,4,3,0.3256,0.6744,0
10,238,291,H10_0238_07,27,9,1,8,4,io_bound,1,0.84,4.3,9,2,83,1,1,82,0,1,4,9,2,4,3,0.1111,0.8889,0
10,238,291,H10_0238_08,242,21,19,2,3,misto,1,0.56,2.78,9,2,48,1,2,0,0,1,4,9,2,4,3,0.9048,0.0952,0
10,238,291,H10_0238_09,247,34,27,7,5,batch,1,0.39,3.43,9,3,40,1,5,26,0,0.9527,8,9,2,4,3,0.7941,0.2059,0
10,239,435,H10_0239_01,406,19,9,10,4,io_bound,1,0.7,4.69,5,2,8,1,5,9,0,0.2364,4,9,2,4,3,0.4737,0.5263,0
10,239,435,H10_0239_02,309,42,22,20,4,batch,0,0.0,0.0,0,3,8,1,2,6,0,0.2364,8,9,2,4,3,0.5238,0.4762,0
10,239,435,H10_0239_03,271,11,3,8,2,io_bound,1,0.69,5.33,8,2,26,1,2,11,0,0.6545,4,9,2,4,3,0.2727,0.7273,0
10,239,435,H10_0239_04,160,9,4,5,2,interativo,0,0.0,0.0,0,1,86,1,1,80,1,1,3,9,2,4,3,0.4444,0.5556,0
10,239,435,H10_0239_05,297,48,40,8,4,cpu_bound,1,0.16,0.69,2,3,44,1,7,5,0,1,8,9,2,4,3,0.8333,0.1667,0
10,239,435,H10_0239_06,413,9,4,5,4,io_bound,1,0.89,5.84,12,2,11,1,2,7,0,0.2909,4,9,2,4,3,0.4444,0.5556,0
10,239,435,H10_0239_07,155,5,4,1,1,tempo_real,1,0.19,0.27,3,1,263,1,3,116,1,1,2,9,2,4,3,0.8,0.2,1
10,239,435,H10_0239_08,297,13,10,3,2,io_bound,1,0.83,4.95,10,2,5,1,7,10,0,0.2727,4,9,2,4,3,0.7692,0.2308,0
10,239,435,H10_0239_09,332,44,6,38,5,cpu_bound,0,0.0,0.0,0,3,66,1,2,30,0,1,8,9,2,4,3,0.1364,0.8636,0
10,240,247,H10_0240_01,138,29,16,13,4,misto,1,0.3,2.99,6,2,50,1,3,19,0,1,4,4,1,2,1,0.5517,0.4483,0
10,240,247,H10_0240_02,167,14,10,4,3,io_bound,1,0.82,3.32,10,2,27,1,4,29,0,0.6273,4,4,1,2,1,0.7143,0.2857,0
10,240,247,H10_0240_03,230,23,5,18,5,batch,1,0.43,1.21,7,3,7,1,1,2,0,0.1727,8,4,1,2,1,0.2174,0.7826,0
10,240,247,H10_0240_04,194,16,11,5,1,interativo,0,0.0,0.0,0,1,19,1,9,0,1,0.6927,3,4,1,2,1,0.6875,0.3125,1
10,241,96,H10_0241_01,6,24,22,2,3,misto,1,0.44,1.84,5,2,77,1,7,20,0,1,4,3,0,2,1,0.9167,0.0833,1
10,241,96,H10_0241_02,37,31,29,2,3,cpu_bound,0,0.0,0.0,0,3,7,1,5,5,0,0.2636,8,3,0,2,1,0.9355,0.0645,0
10,241,96,H10_0241_03,34,9,7,2,3,io_bound,1,0.88,5.06,10,2,40,1,2,3,0,0.8636,4,3,0,2,1,0.7778,0.2222,0
10,242,447,H10_0242_01,252,60,50,10,5,batch,1,0.48,2.35,5,3,46,1,7,5,0,1,8,3,0,2,1,0.8333,0.1667,0
10,242,447,H10_0242_02,50,18,4,14,2,misto,1,0.46,1.82,5,2,181,1,3,182,0,1,4,3,0,2,1,0.2222,0.7778,1
10,242,447,H10_0242_03,207,12,1,11,4,io_bound,1,0.82,3.43,6,2,12,1,1,16,0,0.3091,4,3,0,2,1,0.0833,0.9167,0
10,243,268,H10_0243_01,64,8,7,1,2,tempo_real,0,0.0,0.0,0,1,179,1,3,65,1,1,2,6,2,2,2,0.875,0.125,1
10,243,268,H10_0243_02,131,57,2,55,3,cpu_bound,0,0.0,0.0,0,3,6,1,1,0,0,0.2455,8,6,2,2,2,0.0351,0.9649,0
10,243,268,H10_0243_03,74,56,45,11,5,batch,1,0.42,1.73,12,3,52,1,9,21,0,1,8,6,2,2,2,0.8036,0.1964,0
10,243,268,H10_0243_04,209,30,29,1,3,misto,1,0.48,2.25,4,2,56,1,1,6,0,1,4,6,2,2,2,0.9667,0.0333,0
10,243,268,H10_0243_05,262,8,5,3,3,io_bound,1,0.78,5.51,9,2,5,1,1,0,0,0.2273,4,6,2,2,2,0.625,0.375,0
10,243,268,H10_0243_06,17,5,1,4,2,interativo,1,0.37,2.45,4,1,142,1,1,98,1,1,3,6,2,2,2,0.2,0.8,0
10,244,312,H10_0244_01,51,12,0,12,4,misto,1,0.46,2.82,8,2,104,0,0,0,0,1,4,3,1,2,0,0.0,1.0,0
10,244,312,H10_0244_02,96,9,0,9,3,interativo,1,0.35,1.67,5,1,74,0,0,0,1,1,3,3,1,2,0,0.0,1.0,1
10,244,312,H10_0244_03,226,17,14,3,2,io_bound,1,0.84,2.58,5,2,53,1,9,36,0,1,4,3,1,2,0,0.8235,0.1765,0
10,245,357,H10_0245_01,155,28,27,1,4,batch,1,0.25,2.42,10,3,109,1,4,3,0,1,8,5,1,1,3,0.9643,0.0357,0
10,245,357,H10_0245_02,131,47,8,39,5,batch,1,0.35,2.8,7,3,83,1,3,87,0,1,8,5,1,1,3,0.1702,0.8298,0
10,245,357,H10_0245_03,294,16,8,8,4,io_bound,1,0.87,5.61,11,2,14,1,4,3,0,0.3455,4,5,1,1,3,0.5,0.5,0
10,245,357,H10_0245_04,41,32,28,4,5,batch,1,0.27,2.36,5,3,259,1,7,147,0,1,8,5,1,1,3,0.875,0.125,1
10,245,357,H10_0245_05,318,5,3,2,1,tempo_real,0,0.0,0.0,0,1,3,1,2,2,1,0.4018,2,5,1,1,3,0.6,0.4,0
10,246,219,H10_0246_01,58,60,17,43,4,batch,1,0.29,1.16,11,3,89,1,10,12,0,1,8,7,1,2,4,0.2833,0.7167,0
10,246,219,H10_0246_02,211,46,39,7,5,batch,1,0.3,1.12,4,3,5,1,6,1,0,0.1364,8,7,1,2,4,0.8478,0.1522,0
10,246,219,H10_0246_03,197,10,8,2,2,tempo_real,1,0.13,0.29,3,1,16,1,4,14,1,0.5927,2,7,1,2,4,0.8,0.2,0
10,246,219,H10_0246_04,175,13,5,8,3,io_bound,1,0.89,3.09,7,2,16,1,3,5,0,0.4273,4,7,1,2,4,0.3846,0.6154,0
10,246,219,H10_0246_05,79,14,10,4,3,io_bound,1,0.62,2.68,11,2,84,1,10,2,0,1,4,7,1,2,4,0.7143,0.2857,1
10,246,219,H10_0246_06,131,55,32,23,5,batch,1,0.25,1.54,10,3,35,1,3,27,0,0.8618,8,7,1,2,4,0.5818,0.4182,0
10,246,219,H10_0246_07,99,28,27,1,4,cpu_bound,0,0.0,0.0,0,3,5,1,2,10,0,0.1818,8,7,1,2,4,0.9643,0.0357,0
10,247,331,H10_0247_01,274,46,4,42,5,batch,1,0.25,2.12,9,3,21,1,2,23,0,0.4273,8,6,0,3,3,0.087,0.913,0
10,247,331,H10_0247_02,236,14,11,3,3,io_bound,1,0.79,5.29,10,2,64,1,7,23,0,1,4,6,0,3,3,0.7857,0.2143,0
10,247,331,H10_0247_03,199,13,5,8,3,io_bound,1,0.78,5.94,7,2,60,1,5,13,0,1,4,6,0,3,3,0.3846,0.6154,0
10,247,331,H10_0247_04,218,43,34,9,4,cpu_bound,0,0.0,0.0,0,3,36,1,2,34,0,0.9255,8,6,0,3,3,0.7907,0.2093,0
10,247,331,H10_0247_05,215,51,33,18,4,cpu_bound,0,0.0,0.0,0,3,54,1,8,26,0,1,8,6,0,3,3,0.6471,0.3529,0
10,247,331,H10_0247_06,124,13,12,1,3,io_bound,1,0.67,2.67,6,2,144,1,4,47,0,1,4,6,0,3,3,0.9231,0.0769,1
10,248,54,H10_0248_01,20,32,7,25,5,batch,1,0.22,1.12,7,3,0,1,2,4,0,0.0455,8,4,2,1,1,0.2188,0.7812,0
10,248,54,H10_0248_02,23,19,2,17,3,io_bound,1,0.88,5.65,7,2,24,1,1,24,0,0.5727,4,4,2,1,1,0.1053,0.8947,0
10,248,54,H10_0248_03,16,5,3,2,1,tempo_real,0,0.0,0.0,0,1,37,1,3,22,1,1,2,4,2,1,1,0.6,0.4,1
10,248,54,H10_0248_04,46,5,4,1,2,interativo,1,0.62,2.88,3,1,7,1,1,8,1,0.4291,3,4,2,1,1,0.8,0.2,0
10,249,49,H10_0249_01,31,15,10,5,3,interativo,1,0.42,2.37,5,1,6,1,1,4,1,0.3655,3,5,2,2,1,0.6667,0.3333,0
10,249,49,H10_0249_02,17,46,45,1,5,batch,0,0.0,0.0,0,3,12,1,10,0,0,0.2636,8,5,2,2,1,0.9783,0.0217,0
10,249,49,H10_0249_03,26,5,2,3,1,tempo_real,0,0.0,0.0,0,1,14,1,1,19,1,0.6018,2,5,2,2,1,0.4,0.6,1
10,249,49,H10_0249_04,10,8,7,1,3,io_bound,1,0.88,2.62,11,2,32,1,3,4,0,0.7182,4,5,2,2,1,0.875,0.125,0
10,249,49,H10_0249_05,30,12,4,8,2,misto,1,0.59,1.52,8,2,0,1,3,5,0,0.1818,4,5,2,2,1,0.3333,0.6667,0
10,250,196,H10_0250_01,64,14,10,4,1,interativo,1,0.62,2.84,4,1,21,1,8,14,1,0.7291,3,5,4,1,0,0.7143,0.2857,0
10,250,196,H10_0250_02,122,14,5,9,3,io_bound,1,0.67,3.36,9,2,25,1,1,13,0,0.5909,4,5,4,1,0,0.3571,0.6429,0
10,250,196,H10_0250_03,100,6,5,1,1,tempo_real,0,0.0,0.0,0,1,84,1,4,64,1,1,2,5,4,1,0,0.8333,0.1667,1
10,250,196,H10_0250_04,150,7,5,2,1,tempo_real,0,0.0,0.0,0,1,33,1,4,29,1,0.9473,2,5,4,1,0,0.7143,0.2857,0
10,250,196,H10_0250_05,129,6,4,2,1,tempo_real,0,0.0,0.0,0,1,67,1,1,64,1,1,2,5,4,1,0,0.6667,0.3333,0
11,251,252,H11_0251_01,222,43,26,17,3,cpu_bound,0,0.0,0.0,0,3,23,1,5,2,0,0.5545,8,9,2,3,4,0.6047,0.3953,0
11,251,252,H11_0251_02,180,12,9,3,3,misto,1,0.39,2.91,6,2,25,1,9,9,0,0.5909,4,9,2,3,4,0.75,0.25,0
11,251,252,H11_0251_03,55,30,2,28,3,misto,1,0.42,3.29,5,2,15,1,2,4,0,0.4091,4,9,2,3,4,0.0667,0.9333,0
11,251,252,H11_0251_04,177,10,3,7,3,interativo,1,0.28,1.54,2,1,40,1,2,10,1,0.9836,3,9,2,3,4,0.3,0.7,0
11,251,252,H11_0251_05,150,4,1,3,1,tempo_real,0,0.0,0.0,0,1,95,1,1,14,1,1,2,9,2,3,4,0.25,0.75,1
11,251,252,H11_0251_06,237,14,9,5,4,misto,1,0.31,3.09,7,2,3,1,8,2,0,0.1455,4,9,2,3,4,0.6429,0.3571,0
11,251,252,H11_0251_07,29,54,29,25,4,batch,1,0.38,1.69,4,3,109,1,7,62,0,1,8,9,2,3,4,0.537,0.463,0
11,251,252,H11_0251_08,142,29,18,11,5,batch,1,0.23,1.89,12,3,25,1,11,27,0,0.5,8,9,2,3,4,0.6207,0.3793,0
11,251,252,H11_0251_09,165,45,17,28,4,batch,0,0.0,0.0,0,3,41,1,6,45,0,1,8,9,2,3,4,0.3778,0.6222,0
11,252,120,H11_0252_01,67,29,10,19,3,misto,1,0.37,1.59,8,2,30,1,9,19,0,0.6818,4,6,1,3,2,0.3448,0.6552,0
11,252,120,H11_0252_02,82,10,6,4,2,tempo_real,0,0.0,0.0,0,1,25,1,4,13,1,0.7564,2,6,1,3,2,0.6,0.4,1
11,252,120,H11_0252_03,61,53,4,49,3,cpu_bound,0,0.0,0.0,0,3,44,1,4,41,0,1,8,6,1,3,2,0.0755,0.9245,0
11,252,120,H11_0252_04,111,54,45,9,3,cpu_bound,1,0.07,1.18,2,3,8,1,5,11,0,0.2818,8,6,1,3,2,0.8333,0.1667,0
11,252,120,H11_0252_05,21,20,18,2,2,io_bound,1,0.88,5.87,4,2,8,1,3,3,0,0.3273,4,6,1,3,2,0.9,0.1,0
11,252,120,H11_0252_06,83,10,7,3,2,misto,1,0.65,2.31,6,2,29,1,2,1,0,0.7091,4,6,1,3,2,0.7,0.3,0
11,253,20,H11_0253_01,2,26,14,12,3,misto,1,0.52,2.8,7,2,14,1,4,12,0,0.3909,4,9,1,5,3,0.5385,0.4615,0
11,253,20,H11_0253_02,13,38,6,32,3,cpu_bound,0,0.0,0.0,0,3,1,1,6,2,0,0.1545,8,9,1,5,3,0.1579,0.8421,0
11,253,20,H11_0253_03,15,35,17,18,4,batch,1,0.41,2.17,10,3,5,1,4,9,0,0.1818,8,9,1,5,3,0.4857,0.5143,0
11,253,20,H11_0253_04,15,13,6,7,3,io_bound,1,0.69,3.77,4,2,1,1,1,6,0,0.1545,4,9,1,5,3,0.4615,0.5385,0
11,253,20,H11_0253_05,4,52,45,7,5,cpu_bound,0,0.0,0.0,0,3,13,1,5,14,0,0.2818,8,9,1,5,3,0.8654,0.1346,0
11,253,20,H11_0253_06,18,14,4,10,3,misto,1,0.48,3.29,7,2,2,1,1,7,0,0.1727,4,9,1,5,3,0.2857,0.7143,0
11,253,20,H11_0253_07,2,6,5,1,1,interativo,1,0.28,1.13,5,1,10,1,2,3,1,0.5291,3,9,1,5,3,0.8333,0.1667,1
11,253,20,H11_0253_08,4,19,2,17,3,io_bound,1,0.68,5.86,7,2,14,1,1,12,0,0.3909,4,9,1,5,3,0.1053,0.8947,0
11,253,20,H11_0253_09,9,21,6,15,2,misto,1,0.42,2.76,5,2,10,1,4,14,0,0.3636,4,9,1,5,3,0.2857,0.7143,0
11,254,317,H11_0254_01,152,12,8,4,3,io_bound,1,0.79,5.86,4,2,135,1,2,56,0,1,4,3,1,1,1,0.6667,0.3333,0
11,254,317,H11_0254_02,106,9,5,4,1,tempo_real,0,0.0,0.0,0,1,161,1,5,97,1,1,2,3,1,1,1,0.5556,0.4444,1
11,254,317,H11_0254_03,220,29,27,2,3,cpu_bound,0,0.0,0.0,0,3,78,1,7,49,0,1,8,3,1,1,1,0.931,0.069,0
11,255,448,H11_0255_01,0,38,30,8,5,batch,0,0.0,0.0,0,3,170,1,11,62,0,1,8,6,1,2,3,0.7895,0.2105,0
11,255,448,H11_0255_02,272,21,12,9,2,misto,1,0.43,2.24,8,2,89,1,2,13,0,1,4,6,1,2,3,0.5714,0.4286,0
11,255,448,H11_0255_03,286,50,28,22,4,cpu_bound,0,0.0,0.0,0,3,161,1,11,16,0,1,8,6,1,2,3,0.56,0.44,0
11,255,448,H11_0255_04,440,65,23,42,4,cpu_bound,1,0.15,0.89,2,3,6,1,10,4,0,0.2,8,6,1,2,3,0.3538,0.6462,0
11,255,448,H11_0255_05,230,13,10,3,2,misto,1,0.47,3.97,3,2,83,1,1,71,0,1,4,6,1,2,3,0.7692,0.2308,0
11,255,448,H11_0255_06,155,3,0,3,1,tempo_real,1,0.12,0.7,4,1,93,0,0,0,1,1,2,6,1,2,3,0.0,1.0,1
11,256,33,H11_0256_01,30,42,1,41,4,cpu_bound,0,0.0,0.0,0,3,0,1,1,5,0,0.0909,8,8,4,1,3,0.0238,0.9762,0
11,256,33,H11_0256_02,17,11,4,7,2,interativo,0,0.0,0.0,0,1,1,1,3,6,1,0.32,3,8,4,1,3,0.3636,0.6364,0
11,256,33,H11_0256_03,21,32,19,13,4,batch,0,0.0,0.0,0,3,12,1,5,1,0,0.3091,8,8,4,1,3,0.5938,0.4062,0
11,256,33,H11_0256_04,4,14,8,6,4,misto,1,0.58,1.73,3,2,23,1,7,1,0,0.5091,4,8,4,1,3,0.5714,0.4286,0
11,256,33,H11_0256_05,31,12,9,3,2,interativo,1,0.63,1.9,6,1,2,1,8,7,1,0.3382,3,8,4,1,3,0.75,0.25,0
11,256,33,H11_0256_06,10,9,0,9,1,tempo_real,0,0.0,0.0,0,1,16,0,0,0,1,0.6382,2,8,4,1,3,0.0,1.0,0
11,256,33,H11_0256_07,21,4,2,2,1,tempo_real,1,0.15,0.19,2,1,12,1,1,17,1,0.5655,2,8,4,1,3,0.5,0.5,1
11,256,33,H11_0256_08,27,64,12,52,3,cpu_bound,0,0.0,0.0,0,3,1,1,8,3,0,0.1545,8,8,4,1,3,0.1875,0.8125,0
11,257,318,H11_0257_01,299,7,0,7,1,tempo_real,0,0.0,0.0,0,1,5,0,0,0,1,0.4382,2,8,3,2,3,0.0,1.0,0
11,257,318,H11_0257_02,289,7,2,5,1,tempo_real,1,0.13,0.14,3,1,28,1,2,1,1,0.8564,2,8,3,2,3,0.2857,0.7143,0
11,257,318,H11_0257_03,231,19,7,12,2,io_bound,1,0.71,4.74,6,2,42,1,4,8,0,0.9455,4,8,3,2,3,0.3684,0.6316,0
11,257,318,H11_0257_04,149,59,18,41,5,cpu_bound,0,0.0,0.0,0,3,165,1,5,141,0,1,8,8,3,2,3,0.3051,0.6949,0
11,257,318,H11_0257_05,47,16,15,1,1,interativo,1,0.32,2.98,5,1,261,1,10,239,1,1,3,8,3,2,3,0.9375,0.0625,1
11,257,318,H11_0257_06,208,22,19,3,5,cpu_bound,0,0.0,0.0,0,3,94,1,12,80,0,1,8,8,3,2,3,0.8636,0.1364,0
11,257,318,H11_0257_07,261,21,19,2,3,misto,1,0.65,1.87,9,2,50,1,11,45,0,1,4,8,3,2,3,0.9048,0.0952,0
11,257,318,H11_0257_08,313,30,6,24,5,batch,1,0.49,2.85,11,3,0,1,6,4,0,0.0455,8,8,3,2,3,0.2,0.8,0
11,258,260,H11_0258_01,91,10,8,2,3,misto,1,0.51,2.65,9,2,151,1,7,122,0,1,4,3,0,2,1,0.8,0.2,0
11,258,260,H11_0258_02,50,20,8,12,3,io_bound,1,0.75,5.79,11,2,201,1,2,12,0,1,4,3,0,2,1,0.4,0.6,1
11,258,260,H11_0258_03,234,31,1,30,3,cpu_bound,0,0.0,0.0,0,3,4,1,1,5,0,0.2091,8,3,0,2,1,0.0323,0.9677,0
11,259,31,H11_0259_01,9,6,1,5,4,io_bound,1,0.89,2.51,6,2,1,1,1,4,0,0.1091,4,6,1,2,3,0.1667,0.8333,0
11,259,31,H11_0259_02,3,15,11,4,3,interativo,1,0.45,2.35,5,1,14,1,6,12,1,0.5109,3,6,1,2,3,0.7333,0.2667,1
11,259,31,H11_0259_03,17,36,7,29,5,cpu_bound,0,0.0,0.0,0,3,8,1,4,2,0,0.1909,8,6,1,2,3,0.1944,0.8056,0
11,259,31,H11_0259_04,7,55,9,46,5,batch,1,0.54,2.96,7,3,17,1,9,9,0,0.3545,8,6,1,2,3,0.1636,0.8364,0
11,259,31,H11_0259_05,0,18,4,14,2,misto,1,0.44,3.85,9,2,24,1,4,9,0,0.6182,4,6,1,2,3,0.2222,0.7778,0
11,259,31,H11_0259_06,15,37,28,9,4,cpu_bound,0,0.0,0.0,0,3,10,1,9,9,0,0.2727,8,6,1,2,3,0.7568,0.2432,0
11,260,354,H11_0260_01,261,58,51,7,5,cpu_bound,0,0.0,0.0,0,3,6,1,1,10,0,0.1545,8,5,1,3,1,0.8793,0.1207,0
11,260,354,H11_0260_02,303,18,7,11,2,io_bound,1,0.63,3.52,12,2,8,1,5,4,0,0.3273,4,5,1,3,1,0.3889,0.6111,0
11,260,354,H11_0260_03,271,24,16,8,3,misto,1,0.33,3.03,3,2,31,1,9,24,0,0.7,4,5,1,3,1,0.6667,0.3333,0
11,260,354,H11_0260_04,13,9,1,8,1,interativo,1,0.34,2.35,2,1,157,1,1,2,1,1,3,5,1,3,1,0.1111,0.8889,1
11,260,354,H11_0260_05,258,10,3,7,3,misto,1,0.58,2.74,6,2,20,1,2,12,0,0.5,4,5,1,3,1,0.3,0.7,0
11,261,48,H11_0261_01,8,50,27,23,5,batch,1,0.26,1.06,12,3,15,1,2,17,0,0.3182,8,4,2,0,2,0.54,0.46,0
11,261,48,H11_0261_02,20,15,13,2,1,interativo,0,0.0,0.0,0,1,8,1,6,0,1,0.4927,3,4,2,0,2,0.8667,0.1333,1
11,261,48,H11_0261_03,46,14,8,6,3,interativo,1,0.27,1.28,2,1,1,1,2,6,1,0.2745,3,4,2,0,2,0.5714,0.4286,0
11,261,48,H11_0261_04,6,22,4,18,3,cpu_bound,0,0.0,0.0,0,3,11,1,1,14,0,0.3364,8,4,2,0,2,0.1818,0.8182,0
11,262,340,H11_0262_01,316,23,3,20,3,misto,0,0.0,0.0,0,2,10,1,2,1,0,0.3182,4,6,4,2,0,0.1304,0.8696,0
11,262,340,H11_0262_02,50,7,6,1,2,interativo,1,0.56,1.94,6,1,243,1,1,95,1,1,3,6,4,2,0,0.8571,0.1429,1
11,262,340,H11_0262_03,146,6,3,3,2,interativo,1,0.39,2.44,4,1,18,1,3,0,1,0.6291,3,6,4,2,0,0.5,0.5,0
11,262,340,H11_0262_04,268,17,14,3,3,misto,0,0.0,0.0,0,2,50,1,5,16,0,1,4,6,4,2,0,0.8235,0.1765,0
11,262,340,H11_0262_05,201,4,0,4,1,tempo_real,0,0.0,0.0,0,1,7,0,0,0,1,0.4745,2,6,4,2,0,0.0,1.0,0
11,262,340,H11_0262_06,19,9,0,9,1,interativo,0,0.0,0.0,0,1,183,0,0,0,1,1,3,6,4,2,0,0.0,1.0,0
11,263,374,H11_0263_01,99,34,0,34,3,cpu_bound,0,0.0,0.0,0,3,38,0,0,0,0,1,8,8,3,3,2,0.0,1.0,0
11,263,374,H11_0263_02,355,13,9,4,3,interativo,1,0.39,1.87,4,1,3,1,5,4,1,0.3109,3,8,3,3,2,0.6923,0.3077,0
11,263,374,H11_0263_03,42,8,0,8,3,io_bound,1,0.73,3.62,5,2,274,0,0,0,0,1,4,8,3,3,2,0.0,1.0,1
11,263,374,H11_0263_04,214,11,9,2,1,interativo,0,0.0,0.0,0,1,49,1,5,23,1,1,3,8,3,3,2,0.8182,0.1818,0
11,263,374,H11_0263_05,253,5,1,4,1,interativo,1,0.6,2.3,4,1,32,1,1,11,1,0.9291,3,8,3,3,2,0.2,0.8,0
11,263,374,H11_0263_06,140,12,5,7,4,io_bound,1,0.9,3.59,12,2,150,1,3,23,0,1,4,8,3,3,2,0.4167,0.5833,0
11,263,374,H11_0263_07,264,17,14,3,4,misto,1,0.65,3.16,7,2,13,1,1,14,0,0.3273,4,8,3,3,2,0.8235,0.1765,0
11,263,374,H11_0263_08,71,34,23,11,5,batch,1,0.46,1.39,5,3,146,1,12,0,0,1,8,8,3,3,2,0.6765,0.3235,0
11,264,413,H11_0264_01,275,6,4,2,1,interativo,0,0.0,0.0,0,1,71,1,4,20,1,1,3,6,4,0,2,0.6667,0.3333,0
11,264,413,H11_0264_02,79,5,4,1,1,tempo_real,1,0.07,0.28,4,1,134,1,1,29,1,1,2,6,4,0,2,0.8,0.2,1
11,264,413,H11_0264_03,370,12,3,9,2,interativo,1,0.55,2.9,3,1,39,1,1,0,1,1,3,6,4,0,2,0.25,0.75,0
11,264,413,H11_0264_04,301,43,21,22,4,batch,0,0.0,0.0,0,3,103,1,9,1,0,1,8,6,4,0,2,0.4884,0.5116,0
11,264,413,H11_0264_05,337,5,4,1,2,interativo,0,0.0,0.0,0,1,10,1,3,5,1,0.4836,3,6,4,0,2,0.8,0.2,0
11,264,413,H11_0264_06,407,40,21,19,5,cpu_bound,0,0.0,0.0,0,3,6,1,7,9,0,0.1545,8,6,4,0,2,0.525,0.475,0
11,265,308,H11_0265_01,117,61,8,53,4,cpu_bound,0,0.0,0.0,0,3,118,1,8,84,0,1,8,9,2,3,4,0.1311,0.8689,0
11,265,308,H11_0265_02,260,10,0,10,1,interativo,1,0.63,2.49,4,1,39,0,0,0,1,1,3,9,2,3,4,0.0,1.0,0
11,265,308,H11_0265_03,62,15,1,14,3,io_bound,1,0.87,5.06,10,2,142,1,1,116,0,1,4,9,2,3,4,0.0667,0.9333,0
11,265,308,H11_0265_04,218,44,12,32,4,cpu_bound,0,0.0,0.0,0,3,16,1,6,2,0,0.3818,8,9,2,3,4,0.2727,0.7273,0
11,265,308,H11_0265_05,56,28,18,10,2,misto,1,0.35,1.57,6,2,169,1,9,3,0,1,4,9,2,3,4,0.6429,0.3571,1
11,265,308,H11_0265_06,308,9,4,5,3,interativo,0,0.0,0.0,0,1,0,1,4,4,1,0.2564,3,9,2,3,4,0.4444,0.5556,0
11,265,308,H11_0265_07,157,17,12,5,3,io_bound,1,0.84,4.78,9,2,97,1,11,72,0,1,4,9,2,3,4,0.7059,0.2941,0
11,265,308,H11_0265_08,111,48,46,2,5,cpu_bound,0,0.0,0.0,0,3,13,1,2,18,0,0.2818,8,9,2,3,4,0.9583,0.0417,0
11,265,308,H11_0265_09,223,34,8,26,5,batch,0,0.0,0.0,0,3,31,1,1,24,0,0.7891,8,9,2,3,4,0.2353,0.7647,0
11,266,337,H11_0266_01,278,20,5,15,3,io_bound,1,0.71,5.78,12,2,36,1,5,17,0,0.7909,4,6,2,2,2,0.25,0.75,0
11,266,337,H11_0266_02,204,16,6,10,4,misto,1,0.52,2.21,4,2,30,1,2,0,0,0.6364,4,6,2,2,2,0.375,0.625,0
11,266,337,H11_0266_03,120,44,17,27,5,batch,1,0.37,2.77,4,3,55,1,5,46,0,1,8,6,2,2,2,0.3864,0.6136,0
11,266,337,H11_0266_04,113,10,1,9,2,interativo,1,0.42,1.32,4,1,206,1,1,96,1,1,3,6,2,2,2,0.1,0.9,1
11,266,337,H11_0266_05,131,21,18,3,5,batch,0,0.0,0.0,0,3,197,1,5,110,0,1,8,6,2,2,2,0.8571,0.1429,0
11,266,337,H11_0266_06,204,5,4,1,3,interativo,1,0.55,2.73,6,1,18,1,1,14,1,0.5836,3,6,2,2,2,0.8,0.2,0
11,267,266,H11_0267_01,244,13,11,2,2,interativo,0,0.0,0.0,0,1,22,1,4,20,1,0.7018,3,7,4,3,0,0.8462,0.1538,0
11,267,266,H11_0267_02,52,11,4,7,3,io_bound,1,0.58,4.66,5,2,192,1,4,29,0,1,4,7,4,3,0,0.3636,0.6364,1
11,267,266,H11_0267_03,76,16,2,14,2,interativo,0,0.0,0.0,0,1,15,1,1,1,1,0.5745,3,7,4,3,0,0.125,0.875,0
11,267,266,H11_0267_04,126,8,4,4,1,tempo_real,1,0.17,0.27,4,1,85,1,2,16,1,1,2,7,4,3,0,0.5,0.5,0
11,267,266,H11_0267_05,184,15,10,5,2,misto,0,0.0,0.0,0,2,2,1,5,7,0,0.2182,4,7,4,3,0,0.6667,0.3333,0
11,267,266,H11_0267_06,56,12,3,9,2,interativo,0,0.0,0.0,0,1,34,1,2,32,1,0.92,3,7,4,3,0,0.25,0.75,0
11,267,266,H11_0267_07,248,16,0,16,2,misto,1,0.3,2.85,3,2,17,0,0,0,0,0.4909,4,7,4,3,0,0.0,1.0,0
11,268,382,H11_0268_01,277,6,5,1,2,interativo,1,0.43,2.15,6,1,1,1,4,0,1,0.32,3,5,2,1,2,0.8333,0.1667,0
11,268,382,H11_0268_02,283,32,26,6,4,cpu_bound,0,0.0,0.0,0,3,99,1,12,69,0,1,8,5,2,1,2,0.8125,0.1875,0
11,268,382,H11_0268_03,206,13,4,9,3,interativo,1,0.55,2.18,4,1,23,1,4,7,1,0.6745,3,5,2,1,2,0.3077,0.6923,0
11,268,382,H11_0268_04,140,54,7,47,5,batch,0,0.0,0.0,0,3,201,1,3,98,0,1,8,5,2,1,2,0.1296,0.8704,0
11,268,382,H11_0268_05,87,13,7,6,3,io_bound,1,0.78,2.5,12,2,160,1,3,83,0,1,4,5,2,1,2,0.5385,0.4615,1
11,269,102,H11_0269_01,75,10,4,6,2,io_bound,1,0.77,3.55,10,2,20,1,4,15,0,0.5455,4,6,2,3,1,0.4,0.6,0
11,269,102,H11_0269_02,33,9,8,1,2,interativo,0,0.0,0.0,0,1,7,1,4,0,1,0.4291,3,6,2,3,1,0.8889,0.1111,0
11,269,102,H11_0269_03,6,12,9,3,2,interativo,0,0.0,0.0,0,1,61,1,2,15,1,1,3,6,2,3,1,0.75,0.25,1
11,269,102,H11_0269_04,32,30,11,19,3,misto,1,0.61,2.8,7,2,23,1,4,23,0,0.5545,4,6,2,3,1,0.3667,0.6333,0
11,269,102,H11_0269_05,54,34,2,32,5,batch,1,0.41,1.22,10,3,14,1,1,4,0,0.3,8,6,2,3,1,0.0588,0.9412,0
11,269,102,H11_0269_06,18,16,7,9,3,io_bound,1,0.76,5.48,5,2,42,1,5,8,0,0.9,4,6,2,3,1,0.4375,0.5625,0
11,270,385,H11_0270_01,255,50,1,49,5,batch,1,0.33,2.04,5,3,36,1,1,35,0,0.88,8,8,2,2,4,0.02,0.98,0
11,270,385,H11_0270_02,55,29,15,14,3,misto,0,0.0,0.0,0,2,192,1,11,66,0,1,4,8,2,2,4,0.5172,0.4828,0
11,270,385,H11_0270_03,201,10,8,2,2,interativo,1,0.49,2.39,5,1,81,1,6,81,1,1,3,8,2,2,4,0.8,0.2,0
11,270,385,H11_0270_04,44,47,29,18,5,batch,0,0.0,0.0,0,3,79,1,3,36,0,1,8,8,2,2,4,0.617,0.383,0
11,270,385,H11_0270_05,329,9,4,5,1,tempo_real,0,0.0,0.0,0,1,32,1,1,30,1,0.9291,2,8,2,2,4,0.4444,0.5556,0
11,270,385,H11_0270_06,27,35,23,12,5,cpu_bound,1,0.08,0.68,6,3,204,1,2,194,0,1,8,8,2,2,4,0.6571,0.3429,0
11,270,385,H11_0270_07,380,20,4,16,5,batch,1,0.48,2.06,9,3,1,1,3,2,0,0.0636,8,8,2,2,4,0.2,0.8,0
11,270,385,H11_0270_08,21,14,7,7,4,misto,1,0.35,1.68,6,2,221,1,6,30,0,1,4,8,2,2,4,0.5,0.5,1
11,271,254,H11_0271_01,2,10,1,9,3,io_bound,1,0.89,2.57,6,2,140,1,1,100,0,1,4,3,0,2,1,0.1,0.9,1
11,271,254,H11_0271_02,6,23,0,23,5,batch,0,0.0,0.0,0,3,219,0,0,0,0,1,8,3,0,2,1,0.0,1.0,0
11,271,254,H11_0271_03,161,29,27,2,4,misto,0,0.0,0.0,0,2,60,1,8,6,0,1,4,3,0,2,1,0.931,0.069,0
11,272,131,H11_0272_01,61,4,3,1,1,tempo_real,0,0.0,0.0,0,1,58,1,3,24,1,1,2,8,3,3,2,0.75,0.25,1
11,272,131,H11_0272_02,42,15,9,6,2,interativo,1,0.59,2.06,4,1,9,1,3,9,1,0.4655,3,8,3,3,2,0.6,0.4,0
11,272,131,H11_0272_03,20,11,3,8,3,io_bound,1,0.83,3.07,4,2,32,1,3,13,0,0.7182,4,8,3,3,2,0.2727,0.7273,0
11,272,131,H11_0272_04,62,20,7,13,3,io_bound,1,0.83,5.97,10,2,54,1,1,32,0,1,4,8,3,3,2,0.35,0.65,0
11,272,131,H11_0272_05,97,58,38,20,4,cpu_bound,0,0.0,0.0,0,3,29,1,10,21,0,0.7982,8,8,3,3,2,0.6552,0.3448,0
11,272,131,H11_0272_06,100,10,1,9,3,interativo,1,0.61,2.49,2,1,2,1,1,6,1,0.2927,3,8,3,3,2,0.1,0.9,0
11,272,131,H11_0272_07,33,15,2,13,2,io_bound,1,0.55,3.6,4,2,49,1,2,13,0,1,4,8,3,3,2,0.1333,0.8667,0
11,272,131,H11_0272_08,105,34,23,11,5,cpu_bound,1,0.2,0.64,3,3,25,1,4,7,0,0.5,8,8,3,3,2,0.6765,0.3235,0
11,273,222,H11_0273_01,141,15,7,8,4,io_bound,1,0.88,4.67,8,2,7,1,2,6,0,0.2182,4,4,2,1,1,0.4667,0.5333,0
11,273,222,H11_0273_02,58,3,2,1,1,tempo_real,0,0.0,0.0,0,1,161,1,2,109,1,1,2,4,2,1,1,0.6667,0.3333,1
11,273,222,H11_0273_03,218,8,5,3,2,interativo,0,0.0,0.0,0,1,4,1,4,9,1,0.3745,3,4,2,1,1,0.625,0.375,0
11,273,222,H11_0273_04,146,53,2,51,4,cpu_bound,0,0.0,0.0,0,3,42,1,2,26,0,1,8,4,2,1,1,0.0377,0.9623,0
11,274,69,H11_0274_01,28,20,14,6,5,batch,1,0.39,2.86,5,3,35,1,2,16,0,0.8618,8,8,2,3,3,0.7,0.3,0
11,274,69,H11_0274_02,57,48,5,43,5,batch,1,0.21,3.33,7,3,2,1,1,3,0,0.0818,8,8,2,3,3,0.1042,0.8958,0
11,274,69,H11_0274_03,69,16,8,8,3,interativo,0,0.0,0.0,0,1,0,1,2,2,1,0.2564,3,8,2,3,3,0.5,0.5,0
11,274,69,H11_0274_04,4,15,0,15,3,interativo,0,0.0,0.0,0,1,13,0,0,0,1,0.4927,3,8,2,3,3,0.0,1.0,0
11,274,69,H11_0274_05,60,11,10,1,3,io_bound,1,0.81,4.04,6,2,7,1,1,4,0,0.2636,4,8,2,3,3,0.9091,0.0909,0
11,274,69,H11_0274_06,37,23,19,4,4,cpu_bound,0,0.0,0.0,0,3,0,1,1,0,0,0.0909,8,8,2,3,3,0.8261,0.1739,0
11,274,69,H11_0274_07,66,8,7,1,2,io_bound,1,0.71,5.89,8,2,3,1,6,7,0,0.2364,4,8,2,3,3,0.875,0.125,1
11,274,69,H11_0274_08,46,15,12,3,3,misto,1,0.41,3.45,7,2,13,1,1,9,0,0.3727,4,8,2,3,3,0.8,0.2,0
11,275,116,H11_0275_01,91,16,4,12,3,io_bound,1,0.8,2.91,11,2,7,1,1,9,0,0.2636,4,9,3,3,3,0.25,0.75,0
11,275,116,H11_0275_02,32,9,1,8,2,interativo,1,0.31,1.86,6,1,8,1,1,1,1,0.4473,3,9,3,3,3,0.1111,0.8889,0
11,275,116,H11_0275_03,95,23,11,12,4,cpu_bound,0,0.0,0.0,0,3,2,1,6,0,0,0.1273,8,9,3,3,3,0.4783,0.5217,0
11,275,116,H11_0275_04,104,60,53,7,5,batch,0,0.0,0.0,0,3,5,1,11,7,0,0.1364,8,9,3,3,3,0.8833,0.1167,0
11,275,116,H11_0275_05,48,13,9,4,4,misto,1,0.57,3.15,5,2,37,1,5,24,0,0.7636,4,9,3,3,3,0.6923,0.3077,0
11,275,116,H11_0275_06,86,26,24,2,4,cpu_bound,0,0.0,0.0,0,3,25,1,4,22,0,0.5455,8,9,3,3,3,0.9231,0.0769,0
11,275,116,H11_0275_07,55,13,9,4,1,interativo,1,0.51,1.33,2,1,60,1,3,20,1,1,3,9,3,3,3,0.6923,0.3077,1
11,275,116,H11_0275_08,27,8,1,7,1,interativo,1,0.35,1.72,5,1,81,1,1,4,1,1,3,9,3,3,3,0.125,0.875,0
11,275,116,H11_0275_09,76,16,6,10,3,io_bound,1,0.81,3.99,12,2,18,1,6,1,0,0.4636,4,9,3,3,3,0.375,0.625,0
12,276,93,H12_0276_01,21,8,7,1,2,interativo,0,0.0,0.0,0,1,5,1,5,3,1,0.3927,3,5,1,2,2,0.875,0.125,1
12,276,93,H12_0276_02,28,15,13,2,3,io_bound,1,0.63,4.02,7,2,0,1,3,4,0,0.1364,4,5,1,2,2,0.8667,0.1333,0
12,276,93,H12_0276_03,61,10,6,4,3,io_bound,1,0.74,5.35,8,2,24,1,6,16,0,0.5727,4,5,1,2,2,0.6,0.4,0
12,276,93,H12_0276_04,9,29,0,29,3,cpu_bound,0,0.0,0.0,0,3,65,0,0,0,0,1,8,5,1,2,2,0.0,1.0,0
12,276,93,H12_0276_05,18,24,8,16,4,cpu_bound,0,0.0,0.0,0,3,6,1,1,11,0,0.2,8,5,1,2,2,0.3333,0.6667,0
12,277,281,H12_0277_01,179,11,7,4,2,interativo,1,0.58,2.16,5,1,32,1,4,12,1,0.8836,3,8,6,1,1,0.6364,0.3636,0
12,277,281,H12_0277_02,238,7,2,5,1,tempo_real,0,0.0,0.0,0,1,26,1,2,6,1,0.82,2,8,6,1,1,0.2857,0.7143,0
12,277,281,H12_0277_03,96,17,3,14,3,io_bound,1,0.75,5.84,4,2,48,1,3,47,0,1,4,8,6,1,1,0.1765,0.8235,0
12,277,281,H12_0277_04,144,10,6,4,2,interativo,1,0.3,1.26,6,1,6,1,5,5,1,0.4109,3,8,6,1,1,0.6,0.4,0
12,277,281,H12_0277_05,84,11,6,5,1,interativo,0,0.0,0.0,0,1,190,1,6,25,1,1,3,8,6,1,1,0.5455,0.4545,1
12,277,281,H12_0277_06,187,7,1,6,1,tempo_real,0,0.0,0.0,0,1,39,1,1,34,1,1,2,8,6,1,1,0.1429,0.8571,0
12,277,281,H12_0277_07,19,7,3,4,1,tempo_real,1,0.12,0.79,3,1,132,1,3,101,1,1,2,8,6,1,1,0.4286,0.5714,0
12,277,281,H12_0277_08,197,31,28,3,5,cpu_bound,1,0.16,0.86,4,3,81,1,9,0,0,1,8,8,6,1,1,0.9032,0.0968,0
12,278,27,H12_0278_01,13,12,7,5,2,misto,1,0.55,3.99,8,2,3,1,6,1,0,0.2364,4,8,3,4,1,0.5833,0.4167,0
12,278,27,H12_0278_02,12,4,2,2,1,tempo_real,0,0.0,0.0,0,1,2,1,1,4,1,0.3836,2,8,3,4,1,0.5,0.5,1
12,278,27,H12_0278_03,17,25,14,11,3,misto,1,0.51,1.72,6,2,1,1,12,2,0,0.1545,4,8,3,4,1,0.56,0.44,0
12,278,27,H12_0278_04,7,11,4,7,2,io_bound,0,0.0,0.0,0,2,11,1,3,1,0,0.3818,4,8,3,4,1,0.3636,0.6364,0
12,278,27,H12_0278_05,27,20,15,5,3,misto,1,0.65,3.42,4,2,0,1,11,1,0,0.1364,4,8,3,4,1,0.75,0.25,0
12,278,27,H12_0278_06,2,13,3,10,3,interativo,1,0.57,1.43,2,1,1,1,3,4,1,0.2745,3,8,3,4,1,0.2308,0.7692,0
12,278,27,H12_0278_07,27,23,6,17,5,cpu_bound,0,0.0,0.0,0,3,0,1,5,1,0,0.0455,8,8,3,4,1,0.2609,0.7391,0
12,278,27,H12_0278_08,21,13,8,5,3,interativo,0,0.0,0.0,0,1,1,1,2,6,1,0.2745,3,8,3,4,1,0.6154,0.3846,0
12,279,90,H12_0279_01,39,10,2,8,3,io_bound,1,0.82,3.27,6,2,44,1,2,38,0,0.9364,4,7,3,1,3,0.2,0.8,0
12,279,90,H12_0279_02,87,9,5,4,2,interativo,1,0.61,2.13,6,1,3,1,5,0,1,0.3564,3,7,3,1,3,0.5556,0.4444,0
12,279,90,H12_0279_03,13,9,6,3,2,interativo,0,0.0,0.0,0,1,42,1,5,38,1,1,3,7,3,1,3,0.6667,0.3333,1
12,279,90,H12_0279_04,54,51,7,44,5,batch,1,0.3,3.07,11,3,28,1,3,31,0,0.7345,8,7,3,1,3,0.1373,0.8627,0
12,279,90,H12_0279_05,60,49,27,22,4,cpu_bound,0,0.0,0.0,0,3,21,1,12,11,0,0.4727,8,7,3,1,3,0.551,0.449,0
12,279,90,H12_0279_06,81,9,7,2,2,interativo,1,0.37,1.87,5,1,8,1,5,13,1,0.4473,3,7,3,1,3,0.7778,0.2222,0
12,279,90,H12_0279_07,51,28,25,3,4,cpu_bound,0,0.0,0.0,0,3,20,1,6,23,0,0.4545,8,7,3,1,3,0.8929,0.1071,0
12,280,125,H12_0280_01,80,10,8,2,1,tempo_real,0,0.0,0.0,0,1,16,1,1,0,1,0.6382,2,8,2,2,4,0.8,0.2,1
12,280,125,H12_0280_02,103,8,4,4,2,io_bound,1,0.61,3.44,5,2,4,1,3,9,0,0.2545,4,8,2,2,4,0.5,0.5,0
12,280,125,H12_0280_03,112,59,14,45,5,batch,1,0.34,3.28,5,3,5,1,10,5,0,0.1364,8,8,2,2,4,0.2373,0.7627,0
12,280,125,H12_0280_04,96,33,13,20,5,batch,1,0.27,1.16,4,3,15,1,7,15,0,0.3182,8,8,2,2,4,0.3939,0.6061,0
12,280,125,H12_0280_05,44,6,3,3,4,io_bound,1,0.71,4.94,8,2,2,1,3,2,0,0.1273,4,8,2,2,4,0.5,0.5,0
12,280,125,H12_0280_06,55,48,36,12,5,batch,1,0.49,3.37,4,3,27,1,4,4,0,0.7164,8,8,2,2,4,0.75,0.25,0
12,280,125,H12_0280_07,98,6,3,3,1,interativo,0,0.0,0.0,0,1,5,1,2,7,1,0.4382,3,8,2,2,4,0.5,0.5,0
12,280,125,H12_0280_08,33,40,2,38,4,cpu_bound,0,0.0,0.0,0,3,80,1,2,84,0,1,8,8,2,2,4,0.05,0.95,0
12,281,399,H12_0281_01,64,37,4,33,5,batch,1,0.5,2.51,7,3,98,1,4,43,0,1,8,6,2,2,2,0.1081,0.8919,0
12,281,399,H12_0281_02,148,27,18,9,2,misto,1,0.48,3.96,6,2,62,1,11,7,0,1,4,6,2,2,2,0.6667,0.3333,0
12,281,399,H12_0281_03,378,5,1,4,2,interativo,1,0.61,2.57,2,1,20,1,1,15,1,0.6655,3,6,2,2,2,0.2,0.8,0
12,281,399,H12_0281_04,285,14,6,8,2,interativo,1,0.43,2.72,2,1,79,1,3,53,1,1,3,6,2,2,2,0.4286,0.5714,1
12,281,399,H12_0281_05,98,30,6,24,5,batch,0,0.0,0.0,0,3,59,1,2,62,0,1,8,6,2,2,2,0.2,0.8,0
12,281,399,H12_0281_06,214,19,8,11,4,misto,1,0.67,1.79,4,2,8,1,4,0,0,0.2364,4,6,2,2,2,0.4211,0.5789,0
12,282,133,H12_0282_01,126,5,4,1,2,interativo,0,0.0,0.0,0,1,6,1,3,10,1,0.4109,3,3,2,1,0,0.8,0.2,1
12,282,133,H12_0282_02,62,4,2,2,1,tempo_real,0,0.0,0.0,0,1,15,1,1,3,1,0.62,2,3,2,1,0,0.5,0.5,0
12,282,133,H12_0282_03,66,10,9,1,4,io_bound,1,0.71,3.15,11,2,25,1,4,10,0,0.5455,4,3,2,1,0,0.9,0.1,0
12,283,291,H12_0283_01,100,28,0,28,3,cpu_bound,0,0.0,0.0,0,3,53,0,0,0,0,1,8,4,1,1,2,0.0,1.0,0
12,283,291,H12_0283_02,166,7,4,3,1,interativo,1,0.43,1.8,2,1,75,1,3,78,1,1,3,4,1,1,2,0.5714,0.4286,1
12,283,291,H12_0283_03,98,32,3,29,4,cpu_bound,0,0.0,0.0,0,3,78,1,3,56,0,1,8,4,1,1,2,0.0938,0.9062,0
12,283,291,H12_0283_04,62,28,19,9,3,misto,0,0.0,0.0,0,2,63,1,5,7,0,1,4,4,1,1,2,0.6786,0.3214,0
12,284,119,H12_0284_01,8,12,6,6,4,misto,0,0.0,0.0,0,2,10,1,2,10,0,0.2727,4,4,0,2,2,0.5,0.5,0
12,284,119,H12_0284_02,55,21,12,9,5,batch,1,0.49,2.28,10,3,32,1,6,15,0,0.8073,8,4,0,2,2,0.5714,0.4286,0
12,284,119,H12_0284_03,6,19,4,15,2,io_bound,1,0.69,4.39,10,2,51,1,1,27,0,1,4,4,0,2,2,0.2105,0.7895,1
12,284,119,H12_0284_04,80,22,8,14,5,cpu_bound,0,0.0,0.0,0,3,23,1,1,5,0,0.4636,8,4,0,2,2,0.3636,0.6364,0
12,285,369,H12_0285_01,58,6,2,4,1,tempo_real,0,0.0,0.0,0,1,150,1,1,28,1,1,2,3,1,1,1,0.3333,0.6667,1
12,285,369,H12_0285_02,114,20,10,10,3,misto,1,0.48,3.58,9,2,149,1,8,116,0,1,4,3,1,1,1,0.5,0.5,0
12,285,369,H12_0285_03,267,54,16,38,3,cpu_bound,0,0.0,0.0,0,3,30,1,4,24,0,0.8618,8,3,1,1,1,0.2963,0.7037,0
12,286,314,H12_0286_01,240,11,9,2,4,misto,1,0.33,3.85,6,2,16,1,1,5,0,0.3818,4,7,1,5,1,0.8182,0.1818,0
12,286,314,H12_0286_02,168,37,27,10,3,cpu_bound,0,0.0,0.0,0,3,51,1,5,24,0,1,8,7,1,5,1,0.7297,0.2703,0
12,286,314,H12_0286_03,291,16,11,5,3,misto,1,0.38,3.7,3,2,2,1,10,6,0,0.1727,4,7,1,5,1,0.6875,0.3125,0
12,286,314,H12_0286_04,161,21,15,6,2,misto,1,0.66,3.04,8,2,106,1,9,42,0,1,4,7,1,5,1,0.7143,0.2857,1
12,286,314,H12_0286_05,222,10,4,6,3,interativo,1,0.62,2.26,6,1,53,1,2,45,1,1,3,7,1,5,1,0.4,0.6,0
12,286,314,H12_0286_06,200,23,4,19,3,misto,1,0.58,3.71,6,2,1,1,1,6,0,0.1545,4,7,1,5,1,0.1739,0.8261,0
12,286,314,H12_0286_07,151,18,5,13,4,io_bound,1,0.75,3.94,9,2,49,1,3,13,0,0.9818,4,7,1,5,1,0.2778,0.7222,0
12,287,65,H12_0287_01,28,7,5,2,3,io_bound,1,0.64,4.12,12,2,35,1,3,32,0,0.7727,4,8,2,3,3,0.7143,0.2857,1
12,287,65,H12_0287_02,9,28,8,20,3,misto,0,0.0,0.0,0,2,35,1,6,19,0,0.7727,4,8,2,3,3,0.2857,0.7143,0
12,287,65,H12_0287_03,64,24,7,17,4,batch,1,0.21,1.37,10,3,0,1,2,5,0,0.0909,8,8,2,3,3,0.2917,0.7083,0
12,287,65,H12_0287_04,23,7,0,7,1,interativo,0,0.0,0.0,0,1,24,0,0,0,1,0.7836,3,8,2,3,3,0.0,1.0,0
12,287,65,H12_0287_05,60,16,7,9,1,interativo,0,0.0,0.0,0,1,2,1,2,6,1,0.3836,3,8,2,3,3,0.4375,0.5625,0
12,287,65,H12_0287_06,11,32,0,32,5,batch,1,0.23,3.3,10,3,50,0,0,0,0,1,8,8,2,3,3,0.0,1.0,0
12,287,65,H12_0287_07,17,32,7,25,4,cpu_bound,1,0.21,0.88,6,3,8,1,4,4,0,0.2364,8,8,2,3,3,0.2188,0.7812,0
12,287,65,H12_0287_08,34,23,7,16,3,misto,1,0.53,2.75,4,2,20,1,3,18,0,0.5,4,8,2,3,3,0.3043,0.6957,0
12,288,343,H12_0288_01,229,21,0,21,3,misto,0,0.0,0.0,0,2,89,0,0,0,0,1,4,8,1,2,5,0.0,1.0,0
12,288,343,H12_0288_02,247,33,15,18,5,batch,1,0.33,2.67,8,3,33,1,10,37,0,0.8255,8,8,1,2,5,0.4545,0.5455,0
12,288,343,H12_0288_03,341,33,5,28,5,batch,0,0.0,0.0,0,3,1,1,3,6,0,0.0636,8,8,1,2,5,0.1515,0.8485,0
12,288,343,H12_0288_04,228,63,49,14,4,cpu_bound,0,0.0,0.0,0,3,24,1,7,16,0,0.5273,8,8,1,2,5,0.7778,0.2222,0
12,288,343,H12_0288_05,46,54,10,44,3,cpu_bound,0,0.0,0.0,0,3,291,1,8,12,0,1,8,8,1,2,5,0.1852,0.8148,1
12,288,343,H12_0288_06,191,52,48,4,5,batch,0,0.0,0.0,0,3,37,1,2,28,0,0.8982,8,8,1,2,5,0.9231,0.0769,0
12,288,343,H12_0288_07,111,7,0,7,2,io_bound,1,0.72,3.06,5,2,46,0,0,0,0,1,4,8,1,2,5,0.0,1.0,0
12,288,343,H12_0288_08,195,10,7,3,2,interativo,1,0.61,2.15,2,1,139,1,3,67,1,1,3,8,1,2,5,0.7,0.3,0
12,289,171,H12_0289_01,126,19,15,4,3,io_bound,1,0.84,4.43,10,2,38,1,10,11,0,0.8273,4,7,2,4,1,0.7895,0.2105,0
12,289,171,H12_0289_02,128,30,18,12,4,misto,0,0.0,0.0,0,2,20,1,9,6,0,0.4545,4,7,2,4,1,0.6,0.4,0
12,289,171,H12_0289_03,156,23,13,10,3,misto,1,0.66,2.11,5,2,3,1,6,1,0,0.1909,4,7,2,4,1,0.5652,0.4348,0
12,289,171,H12_0289_04,55,6,4,2,2,interativo,0,0.0,0.0,0,1,6,1,4,0,1,0.4109,3,7,2,4,1,0.6667,0.3333,0
12,289,171,H12_0289_05,18,30,4,26,4,cpu_bound,0,0.0,0.0,0,3,140,1,4,112,0,1,8,7,2,4,1,0.1333,0.8667,1
12,289,171,H12_0289_06,159,11,6,5,3,interativo,1,0.48,2.96,4,1,8,1,1,13,1,0.4018,3,7,2,4,1,0.5455,0.4545,0
12,289,171,H12_0289_07,118,30,20,10,3,misto,0,0.0,0.0,0,2,7,1,5,12,0,0.2636,4,7,2,4,1,0.6667,0.3333,0
12,290,121,H12_0290_01,94,20,4,16,3,io_bound,1,0.87,4.3,7,2,15,1,3,0,0,0.4091,4,3,0,2,1,0.2,0.8,0
12,290,121,H12_0290_02,97,9,4,5,4,io_bound,1,0.83,5.62,7,2,20,1,2,15,0,0.4545,4,3,0,2,1,0.4444,0.5556,1
12,290,121,H12_0290_03,57,37,23,14,5,cpu_bound,0,0.0,0.0,0,3,49,1,5,15,0,1,8,3,0,2,1,0.6216,0.3784,0
12,291,431,H12_0291_01,53,10,0,10,2,interativo,0,0.0,0.0,0,1,169,0,0,0,1,1,3,5,1,2,2,0.0,1.0,1
12,291,431,H12_0291_02,290,63,14,49,5,cpu_bound,1,0.24,0.5,3,3,93,1,10,27,0,1,8,5,1,2,2,0.2222,0.7778,0
12,291,431,H12_0291_03,190,11,8,3,3,misto,1,0.51,3.57,8,2,140,1,5,76,0,1,4,5,1,2,2,0.7273,0.2727,0
12,291,431,H12_0291_04,264,27,23,4,2,misto,1,0.68,2.88,5,2,81,1,8,47,0,1,4,5,1,2,2,0.8519,0.1481,0
12,291,431,H12_0291_05,315,25,8,17,3,cpu_bound,0,0.0,0.0,0,3,77,1,8,61,0,1,8,5,1,2,2,0.32,0.68,0
12,292,63,H12_0292_01,56,26,12,14,5,batch,0,0.0,0.0,0,3,1,1,8,4,0,0.0636,8,4,0,2,2,0.4615,0.5385,0
12,292,63,H12_0292_02,29,20,9,11,4,batch,0,0.0,0.0,0,3,21,1,9,10,0,0.4727,8,4,0,2,2,0.45,0.55,0
12,292,63,H12_0292_03,60,20,7,13,3,misto,0,0.0,0.0,0,2,0,1,6,2,0,0.1364,4,4,0,2,2,0.35,0.65,0
12,292,63,H12_0292_04,11,24,13,11,4,misto,0,0.0,0.0,0,2,24,1,8,9,0,0.5273,4,4,0,2,2,0.5417,0.4583,1
12,293,400,H12_0293_01,348,12,9,3,2,io_bound,1,0.61,4.09,12,2,22,1,6,24,0,0.5818,4,8,2,3,3,0.75,0.25,0
12,293,400,H12_0293_02,183,10,9,1,4,io_bound,1,0.7,4.56,9,2,69,1,6,28,0,1,4,8,2,3,3,0.9,0.1,0
12,293,400,H12_0293_03,288,51,34,17,4,batch,1,0.25,2.82,11,3,22,1,11,24,0,0.4909,8,8,2,3,3,0.6667,0.3333,0
12,293,400,H12_0293_04,14,50,0,50,5,cpu_bound,0,0.0,0.0,0,3,375,0,0,0,0,1,8,8,2,3,3,0.0,1.0,1
12,293,400,H12_0293_05,10,64,47,17,4,cpu_bound,0,0.0,0.0,0,3,80,1,4,80,0,1,8,8,2,3,3,0.7344,0.2656,0
12,293,400,H12_0293_06,280,14,3,11,1,interativo,0,0.0,0.0,0,1,113,1,1,11,1,1,3,8,2,3,3,0.2143,0.7857,0
12,293,400,H12_0293_07,321,8,3,5,3,io_bound,1,0.67,5.24,5,2,49,1,1,25,0,1,4,8,2,3,3,0.375,0.625,0
12,293,400,H12_0293_08,384,5,3,2,3,interativo,1,0.33,2.56,4,1,2,1,1,1,1,0.2927,3,8,2,3,3,0.6,0.4,0
12,294,232,H12_0294_01,111,12,7,5,1,interativo,1,0.53,1.16,6,1,43,1,5,3,1,1,3,5,3,0,2,0.5833,0.4167,0
12,294,232,H12_0294_02,67,29,16,13,4,cpu_bound,0,0.0,0.0,0,3,79,1,6,67,0,1,8,5,3,0,2,0.5517,0.4483,0
12,294,232,H12_0294_03,201,12,5,7,2,interativo,0,0.0,0.0,0,1,5,1,5,10,1,0.3927,3,5,3,0,2,0.4167,0.5833,0
12,294,232,H12_0294_04,130,11,9,2,3,interativo,1,0.56,1.83,2,1,39,1,8,5,1,0.9655,3,5,3,0,2,0.8182,0.1818,0
12,294,232,H12_0294_05,49,39,0,39,4,cpu_bound,0,0.0,0.0,0,3,163,0,0,0,0,1,8,5,3,0,2,0.0,1.0,1
12,295,10,H12_0295_01,5,23,3,20,4,misto,1,0.37,2.85,9,2,2,1,3,7,0,0.1273,4,3,0,1,2,0.1304,0.8696,1
12,295,10,H12_0295_02,0,22,13,9,4,cpu_bound,0,0.0,0.0,0,3,6,1,10,1,0,0.2,8,3,0,1,2,0.5909,0.4091,0
12,295,10,H12_0295_03,7,36,32,4,4,cpu_bound,0,0.0,0.0,0,3,1,1,11,3,0,0.1091,8,3,0,1,2,0.8889,0.1111,0
12,296,401,H12_0296_01,369,10,6,4,1,tempo_real,0,0.0,0.0,0,1,6,1,1,9,1,0.4564,2,7,4,0,3,0.6,0.4,0
12,296,401,H12_0296_02,208,10,4,6,1,tempo_real,0,0.0,0.0,0,1,134,1,4,60,1,1,2,7,4,0,3,0.4,0.6,0
12,296,401,H12_0296_03,300,26,21,5,4,cpu_bound,0,0.0,0.0,0,3,101,1,9,67,0,1,8,7,4,0,3,0.8077,0.1923,0
12,296,401,H12_0296_04,148,60,10,50,5,batch,0,0.0,0.0,0,3,28,1,1,30,0,0.7345,8,7,4,0,3,0.1667,0.8333,0
12,296,401,H12_0296_05,181,5,2,3,1,tempo_real,0,0.0,0.0,0,1,202,1,2,76,1,1,2,7,4,0,3,0.4,0.6,1
12,296,401,H12_0296_06,125,9,7,2,1,tempo_real,0,0.0,0.0,0,1,50,1,1,24,1,1,2,7,4,0,3,0.7778,0.2222,0
12,296,401,H12_0296_07,328,22,6,16,4,cpu_bound,0,0.0,0.0,0,3,14,1,4,19,0,0.3455,8,7,4,0,3,0.2727,0.7273,0
12,297,163,H12_0297_01,39,36,8,28,5,batch,1,0.3,1.75,9,3,102,1,4,101,0,1,8,3,1,1,1,0.2222,0.7778,0
12,297,163,H12_0297_02,104,9,5,4,2,io_bound,1,0.77,3.2,8,2,11,1,3,10,0,0.3818,4,3,1,1,1,0.5556,0.4444,0
12,297,163,H12_0297_03,50,4,0,4,1,tempo_real,0,0.0,0.0,0,1,62,0,0,0,1,1,2,3,1,1,1,0.0,1.0,1
12,298,141,H12_0298_01,139,20,10,10,3,misto,1,0.41,2.69,8,2,0,1,5,1,0,0.1364,4,6,3,1,2,0.5,0.5,0
12,298,141,H12_0298_02,141,8,5,3,2,interativo,1,0.31,1.99,4,1,0,1,4,0,1,0.3018,3,6,3,1,2,0.625,0.375,0
12,298,141,H12_0298_03,60,31,17,14,3,cpu_bound,1,0.2,0.99,2,3,77,1,1,19,0,1,8,6,3,1,2,0.5484,0.4516,0
12,298,141,H12_0298_04,12,13,8,5,3,interativo,1,0.36,2.21,4,1,70,1,2,6,1,1,3,6,3,1,2,0.6154,0.3846,1
12,298,141,H12_0298_05,119,10,9,1,2,interativo,1,0.37,1.09,4,1,3,1,3,0,1,0.3564,3,6,3,1,2,0.9,0.1,0
12,298,141,H12_0298_06,13,51,25,26,4,cpu_bound,0,0.0,0.0,0,3,53,1,9,1,0,1,8,6,3,1,2,0.4902,0.5098,0
12,299,141,H12_0299_01,72,8,4,4,1,tempo_real,0,0.0,0.0,0,1,35,1,4,35,1,0.9836,2,8,1,7,0,0.5,0.5,1
12,299,141,H12_0299_02,91,14,0,14,2,misto,1,0.69,1.71,6,2,29,0,0,0,0,0.7091,4,8,1,7,0,0.0,1.0,0
12,299,141,H12_0299_03,56,7,3,4,4,io_bound,1,0.77,5.87,8,2,47,1,3,36,0,0.9455,4,8,1,7,0,0.4286,0.5714,0
12,299,141,H12_0299_04,4,16,11,5,2,misto,1,0.38,3.71,7,2,57,1,5,16,0,1,4,8,1,7,0,0.6875,0.3125,0
12,299,141,H12_0299_05,29,14,5,9,3,io_bound,1,0.71,3.71,8,2,46,1,5,22,0,0.9727,4,8,1,7,0,0.3571,0.6429,0
12,299,141,H12_0299_06,3,12,3,9,4,misto,1,0.66,3.14,5,2,35,1,3,27,0,0.7273,4,8,1,7,0,0.25,0.75,0
12,299,141,H12_0299_07,141,12,0,12,4,io_bound,1,0.65,4.17,8,2,0,0,0,0,0,0.0909,4,8,1,7,0,0.0,1.0,0
12,299,141,H12_0299_08,88,28,26,2,3,misto,1,0.48,3.16,5,2,31,1,2,9,0,0.7,4,8,1,7,0,0.9286,0.0714,0
12,300,345,H12_0300_01,289,16,13,3,3,interativo,0,0.0,0.0,0,1,31,1,4,19,1,0.82,3,6,2,3,1,0.8125,0.1875,0
12,300,345,H12_0300_02,105,56,13,43,4,cpu_bound,1,0.23,0.45,2,3,29,1,2,12,0,0.7982,8,6,2,3,1,0.2321,0.7679,0
12,300,345,H12_0300_03,12,15,13,2,2,interativo,1,0.34,1.49,3,1,154,1,1,120,1,1,3,6,2,3,1,0.8667,0.1333,0
12,300,345,H12_0300_04,31,14,5,9,3,io_bound,1,0.57,3.19,5,2,101,1,2,55,0,1,4,6,2,3,1,0.3571,0.6429,0
12,300,345,H12_0300_05,8,7,6,1,2,io_bound,1,0.85,3.36,10,2,205,1,3,167,0,1,4,6,2,3,1,0.8571,0.1429,1
12,300,345,H12_0300_06,118,13,0,13,3,io_bound,1,0.69,5.21,6,2,133,0,0,0,0,1,4,6,2,3,1,0.0,1.0,0
13,301,112,H13_0301_01,102,43,15,28,5,cpu_bound,0,0.0,0.0,0,3,8,1,12,10,0,0.1909,8,3,1,1,1,0.3488,0.6512,0
13,301,112,H13_0301_02,82,4,2,2,1,tempo_real,0,0.0,0.0,0,1,10,1,1,3,1,0.5291,2,3,1,1,1,0.5,0.5,1
13,301,112,H13_0301_03,69,6,5,1,3,io_bound,1,0.64,3.53,10,2,12,1,3,1,0,0.3545,4,3,1,1,1,0.8333,0.1667,0
13,302,426,H13_0302_01,171,8,3,5,3,io_bound,1,0.83,5.42,11,2,186,1,1,43,0,1,4,8,4,3,1,0.375,0.625,0
13,302,426,H13_0302_02,245,56,35,21,5,batch,1,0.38,3.42,9,3,113,1,3,112,0,1,8,8,4,3,1,0.625,0.375,0
13,302,426,H13_0302_03,131,14,4,10,2,interativo,1,0.35,1.57,3,1,160,1,2,93,1,1,3,8,4,3,1,0.2857,0.7143,0
13,302,426,H13_0302_04,42,11,10,1,3,io_bound,1,0.84,4.42,5,2,224,1,8,65,0,1,4,8,4,3,1,0.9091,0.0909,1
13,302,426,H13_0302_05,105,16,1,15,1,interativo,1,0.3,2.68,2,1,132,1,1,94,1,1,3,8,4,3,1,0.0625,0.9375,0
13,302,426,H13_0302_06,212,6,0,6,1,tempo_real,0,0.0,0.0,0,1,114,0,0,0,1,1,2,8,4,3,1,0.0,1.0,0
13,302,426,H13_0302_07,244,30,2,28,2,misto,0,0.0,0.0,0,2,67,1,1,51,0,1,4,8,4,3,1,0.0667,0.9333,0
13,302,426,H13_0302_08,212,14,9,5,2,interativo,1,0.33,1.65,5,1,98,1,2,84,1,1,3,8,4,3,1,0.6429,0.3571,0
13,303,337,H13_0303_01,190,6,5,1,1,tempo_real,0,0.0,0.0,0,1,136,1,3,65,1,1,2,8,2,4,2,0.8333,0.1667,0
13,303,337,H13_0303_02,266,11,9,2,2,misto,1,0.47,2.25,3,2,42,1,2,47,0,0.9455,4,8,2,4,2,0.8182,0.1818,0
13,303,337,H13_0303_03,213,42,34,8,5,cpu_bound,0,0.0,0.0,0,3,99,1,5,99,0,1,8,8,2,4,2,0.8095,0.1905,0
13,303,337,H13_0303_04,93,29,21,8,3,misto,1,0.65,3.74,6,2,235,1,6,37,0,1,4,8,2,4,2,0.7241,0.2759,0
13,303,337,H13_0303_05,89,7,6,1,1,interativo,1,0.59,2.14,6,1,179,1,2,19,1,1,3,8,2,4,2,0.8571,0.1429,1
13,303,337,H13_0303_06,251,25,5,20,4,misto,1,0.42,2.11,6,2,36,1,5,24,0,0.7455,4,8,2,4,2,0.2,0.8,0
13,303,337,H13_0303_07,134,51,31,20,4,cpu_bound,0,0.0,0.0,0,3,184,1,3,93,0,1,8,8,2,4,2,0.6078,0.3922,0
13,303,337,H13_0303_08,141,23,11,12,3,misto,1,0.34,2.24,9,2,71,1,10,65,0,1,4,8,2,4,2,0.4783,0.5217,0
13,304,288,H13_0304_01,135,16,9,7,2,io_bound,1,0.61,5.28,8,2,31,1,6,24,0,0.7455,4,6,1,3,2,0.5625,0.4375,0
13,304,288,H13_0304_02,115,29,23,6,3,misto,1,0.55,3.08,8,2,74,1,3,77,0,1,4,6,1,3,2,0.7931,0.2069,0
13,304,288,H13_0304_03,221,46,45,1,5,batch,1,0.46,1.74,6,3,17,1,2,20,0,0.3545,8,6,1,3,2,0.9783,0.0217,0
13,304,288,H13_0304_04,127,8,7,1,2,tempo_real,0,0.0,0.0,0,1,76,1,3,24,1,1,2,6,1,3,2,0.875,0.125,1
13,304,288,H13_0304_05,183,10,4,6,3,io_bound,1,0.64,3.49,8,2,73,1,3,7,0,1,4,6,1,3,2,0.4,0.6,0
13,304,288,H13_0304_06,220,39,34,5,5,batch,0,0.0,0.0,0,3,28,1,8,33,0,0.7345,8,6,1,3,2,0.8718,0.1282,0
13,305,395,H13_0305_01,128,14,1,13,4,io_bound,1,0.57,5.31,7,2,234,1,1,41,0,1,4,4,1,2,1,0.0714,0.9286,1
13,305,395,H13_0305_02,164,14,12,2,2,interativo,0,0.0,0.0,0,1,115,1,7,120,1,1,3,4,1,2,1,0.8571,0.1429,0
13,305,395,H13_0305_03,183,19,2,17,3,io_bound,1,0.83,3.44,10,2,181,1,1,119,0,1,4,4,1,2,1,0.1053,0.8947,0
13,305,395,H13_0305_04,324,21,8,13,4,batch,0,0.0,0.0,0,3,47,1,1,26,0,1,8,4,1,2,1,0.381,0.619,0
13,306,332,H13_0306_01,285,10,9,1,3,io_bound,1,0.8,2.59,4,2,41,1,3,7,0,0.8818,4,8,2,4,2,0.9,0.1,0
13,306,332,H13_0306_02,166,48,19,29,5,batch,0,0.0,0.0,0,3,96,1,3,62,0,1,8,8,2,4,2,0.3958,0.6042,0
13,306,332,H13_0306_03,283,12,9,3,3,io_bound,1,0.82,3.3,8,2,10,1,7,6,0,0.3182,4,8,2,4,2,0.75,0.25,0
13,306,332,H13_0306_04,216,13,8,5,2,interativo,0,0.0,0.0,0,1,52,1,3,22,1,1,3,8,2,4,2,0.6154,0.3846,0
13,306,332,H13_0306_05,70,54,22,32,5,batch,1,0.42,1.27,12,3,243,1,8,126,0,1,8,8,2,4,2,0.4074,0.5926,0
13,306,332,H13_0306_06,90,18,17,1,3,io_bound,1,0.84,5.57,4,2,166,1,9,46,0,1,4,8,2,4,2,0.9444,0.0556,1
13,306,332,H13_0306_07,80,12,10,2,2,interativo,1,0.58,1.04,4,1,154,1,5,58,1,1,3,8,2,4,2,0.8333,0.1667,0
13,306,332,H13_0306_08,294,26,22,4,4,misto,1,0.57,3.77,4,2,28,1,9,33,0,0.6,4,8,2,4,2,0.8462,0.1538,0
13,307,267,H13_0307_01,233,26,21,5,4,cpu_bound,1,0.19,0.39,3,3,31,1,7,15,0,0.8345,8,3,1,1,1,0.8077,0.1923,0
13,307,267,H13_0307_02,234,11,3,8,2,interativo,0,0.0,0.0,0,1,21,1,2,12,1,0.6836,3,3,1,1,1,0.2727,0.7273,1
13,307,267,H13_0307_03,239,13,0,13,3,misto,1,0.66,2.95,5,2,4,0,0,0,0,0.2091,4,3,1,1,1,0.0,1.0,0
13,308,100,H13_0308_01,78,12,7,5,3,io_bound,1,0.85,5.63,5,2,21,1,6,21,0,0.5182,4,9,4,2,3,0.5833,0.4167,0
13,308,100,H13_0308_02,74,5,2,3,2,interativo,1,0.5,1.03,5,1,23,1,2,22,1,0.72,3,9,4,2,3,0.4,0.6,1
13,308,100,H13_0308_03,64,62,5,57,4,cpu_bound,0,0.0,0.0,0,3,9,1,2,13,0,0.2545,8,9,4,2,3,0.0806,0.9194,0
13,308,100,H13_0308_04,82,5,2,3,1,tempo_real,1,0.12,0.28,2,1,16,1,1,13,1,0.6382,2,9,4,2,3,0.4,0.6,0
13,308,100,H13_0308_05,51,6,1,5,2,interativo,1,0.36,1.99,3,1,14,1,1,14,1,0.5564,3,9,4,2,3,0.1667,0.8333,0
13,308,100,H13_0308_06,42,30,9,21,5,cpu_bound,0,0.0,0.0,0,3,47,1,1,13,0,1,8,9,4,2,3,0.3,0.7,0
13,308,100,H13_0308_07,5,3,0,3,1,tempo_real,0,0.0,0.0,0,1,6,0,0,0,1,0.4564,2,9,4,2,3,0.0,1.0,0
13,308,100,H13_0308_08,56,45,25,20,5,cpu_bound,1,0.1,0.33,6,3,28,1,7,13,0,0.7345,8,9,4,2,3,0.5556,0.4444,0
13,308,100,H13_0308_09,58,20,5,15,2,io_bound,1,0.75,4.43,12,2,20,1,3,5,0,0.5455,4,9,4,2,3,0.25,0.75,0
13,309,97,H13_0309_01,88,24,9,15,4,cpu_bound,1,0.15,0.76,6,3,6,1,1,9,0,0.2,8,6,3,1,2,0.375,0.625,0
13,309,97,H13_0309_02,30,19,3,16,4,io_bound,1,0.56,3.88,12,2,9,1,1,8,0,0.2545,4,6,3,1,2,0.1579,0.8421,0
13,309,97,H13_0309_03,60,9,1,8,2,interativo,0,0.0,0.0,0,1,35,1,1,5,1,0.9382,3,6,3,1,2,0.1111,0.8889,0
13,309,97,H13_0309_04,9,12,7,5,3,interativo,1,0.64,2.66,2,1,49,1,7,12,1,1,3,6,3,1,2,0.5833,0.4167,0
13,309,97,H13_0309_05,49,3,2,1,1,tempo_real,1,0.08,0.43,4,1,17,1,1,22,1,0.6564,2,6,3,1,2,0.6667,0.3333,1
13,309,97,H13_0309_06,77,48,12,36,3,cpu_bound,0,0.0,0.0,0,3,8,1,12,13,0,0.2818,8,6,3,1,2,0.25,0.75,0
13,310,396,H13_0310_01,378,13,11,2,4,io_bound,1,0.86,3.82,11,2,17,1,8,3,0,0.4,4,9,2,5,2,0.8462,0.1538,0
13,310,396,H13_0310_02,0,20,11,9,3,io_bound,1,0.6,2.68,6,2,231,1,9,121,0,1,4,9,2,5,2,0.55,0.45,1
13,310,396,H13_0310_03,265,28,8,20,3,misto,0,0.0,0.0,0,2,82,1,3,2,0,1,4,9,2,5,2,0.2857,0.7143,0
13,310,396,H13_0310_04,385,13,1,12,2,interativo,1,0.25,2.54,6,1,3,1,1,6,1,0.3564,3,9,2,5,2,0.0769,0.9231,0
13,310,396,H13_0310_05,363,19,2,17,2,misto,1,0.57,3.36,5,2,27,1,2,7,0,0.6727,4,9,2,5,2,0.1053,0.8947,0
13,310,396,H13_0310_06,290,8,6,2,1,tempo_real,0,0.0,0.0,0,1,61,1,6,59,1,1,2,9,2,5,2,0.75,0.25,0
13,310,396,H13_0310_07,100,45,42,3,5,cpu_bound,0,0.0,0.0,0,3,177,1,3,153,0,1,8,9,2,5,2,0.9333,0.0667,0
13,310,396,H13_0310_08,112,24,1,23,4,misto,1,0.3,1.95,4,2,4,1,1,1,0,0.1636,4,9,2,5,2,0.0417,0.9583,0
13,310,396,H13_0310_09,315,53,50,3,4,cpu_bound,1,0.24,0.24,2,3,12,1,12,15,0,0.3091,8,9,2,5,2,0.9434,0.0566,0
13,311,299,H13_0311_01,116,5,4,1,1,tempo_real,0,0.0,0.0,0,1,111,1,2,105,1,1,2,4,3,1,0,0.8,0.2,1
13,311,299,H13_0311_02,232,20,12,8,4,io_bound,1,0.67,3.09,6,2,34,1,3,27,0,0.7091,4,4,3,1,0,0.6,0.4,0
13,311,299,H13_0311_03,270,8,2,6,1,tempo_real,0,0.0,0.0,0,1,9,1,2,10,1,0.5109,2,4,3,1,0,0.25,0.75,0
13,311,299,H13_0311_04,147,7,5,2,2,interativo,1,0.33,2.55,2,1,98,1,4,101,1,1,3,4,3,1,0,0.7143,0.2857,0
13,312,230,H13_0312_01,200,6,5,1,1,tempo_real,0,0.0,0.0,0,1,16,1,3,4,1,0.6382,2,8,2,5,1,0.8333,0.1667,1
13,312,230,H13_0312_02,120,18,9,9,2,misto,1,0.43,2.93,9,2,15,1,9,8,0,0.4545,4,8,2,5,1,0.5,0.5,0
13,312,230,H13_0312_03,112,18,1,17,4,misto,1,0.39,3.28,3,2,19,1,1,18,0,0.4364,4,8,2,5,1,0.0556,0.9444,0
13,312,230,H13_0312_04,200,14,11,3,4,misto,1,0.54,2.03,7,2,22,1,7,13,0,0.4909,4,8,2,5,1,0.7857,0.2143,0
13,312,230,H13_0312_05,73,14,6,8,3,misto,1,0.65,1.78,7,2,4,1,2,9,0,0.2091,4,8,2,5,1,0.4286,0.5714,0
13,312,230,H13_0312_06,199,15,1,14,3,interativo,1,0.56,1.91,2,1,9,1,1,8,1,0.42,3,8,2,5,1,0.0667,0.9333,0
13,312,230,H13_0312_07,22,8,0,8,3,io_bound,1,0.72,4.97,6,2,11,0,0,0,0,0.3364,4,8,2,5,1,0.0,1.0,0
13,312,230,H13_0312_08,220,37,6,31,4,cpu_bound,0,0.0,0.0,0,3,9,1,2,0,0,0.2545,8,8,2,5,1,0.1622,0.8378,0
13,313,293,H13_0313_01,6,22,11,11,5,batch,0,0.0,0.0,0,3,124,1,3,119,0,1,8,5,1,1,3,0.5,0.5,0
13,313,293,H13_0313_02,53,6,5,1,2,interativo,1,0.28,1.21,3,1,240,1,1,20,1,1,3,5,1,1,3,0.8333,0.1667,1
13,313,293,H13_0313_03,54,29,1,28,4,batch,0,0.0,0.0,0,3,161,1,1,16,0,1,8,5,1,1,3,0.0345,0.9655,0
13,313,293,H13_0313_04,213,27,21,6,2,misto,1,0.57,2.05,6,2,12,1,5,14,0,0.4,4,5,1,1,3,0.7778,0.2222,0
13,313,293,H13_0313_05,5,48,24,24,4,cpu_bound,0,0.0,0.0,0,3,120,1,11,65,0,1,8,5,1,1,3,0.5,0.5,0
13,314,70,H13_0314_01,54,14,11,3,3,interativo,1,0.36,2.66,3,1,0,1,6,4,1,0.2564,3,3,1,1,1,0.7857,0.2143,0
13,314,70,H13_0314_02,21,17,7,10,2,io_bound,1,0.77,2.74,10,2,25,1,6,13,0,0.6364,4,3,1,1,1,0.4118,0.5882,1
13,314,70,H13_0314_03,15,45,7,38,4,cpu_bound,1,0.08,0.68,5,3,51,1,7,36,0,1,8,3,1,1,1,0.1556,0.8444,0
13,315,33,H13_0315_01,8,8,6,2,3,io_bound,1,0.9,5.3,8,2,12,1,1,11,0,0.3545,4,3,0,3,0,0.75,0.25,1
13,315,33,H13_0315_02,21,28,12,16,3,misto,1,0.36,3.14,7,2,10,1,4,10,0,0.3182,4,3,0,3,0,0.4286,0.5714,0
13,315,33,H13_0315_03,27,10,7,3,3,io_bound,1,0.87,5.38,10,2,0,1,5,5,0,0.1364,4,3,0,3,0,0.7,0.3,0
13,316,221,H13_0316_01,70,39,19,20,5,batch,1,0.4,2.75,7,3,42,1,9,34,0,0.9891,8,9,3,3,3,0.4872,0.5128,0
13,316,221,H13_0316_02,147,15,9,6,3,io_bound,1,0.81,4.4,10,2,10,1,9,3,0,0.3182,4,9,3,3,3,0.6,0.4,0
13,316,221,H13_0316_03,143,32,29,3,5,batch,1,0.32,1.53,5,3,32,1,1,33,0,0.8073,8,9,3,3,3,0.9062,0.0938,0
13,316,221,H13_0316_04,130,4,1,3,1,tempo_real,0,0.0,0.0,0,1,66,1,1,13,1,1,2,9,3,3,3,0.25,0.75,0
13,316,221,H13_0316_05,72,6,1,5,2,interativo,0,0.0,0.0,0,1,143,1,1,113,1,1,3,9,3,3,3,0.1667,0.8333,0
13,316,221,H13_0316_06,23,20,15,5,2,misto,1,0.36,2.89,4,2,190,1,12,30,0,1,4,9,3,3,3,0.75,0.25,1
13,316,221,H13_0316_07,52,8,3,5,4,io_bound,1,0.8,3.34,9,2,82,1,3,78,0,1,4,9,3,3,3,0.375,0.625,0
13,316,221,H13_0316_08,147,9,0,9,2,tempo_real,0,0.0,0.0,0,1,11,0,0,0,1,0.5018,2,9,3,3,3,0.0,1.0,0
13,316,221,H13_0316_09,214,41,1,40,3,cpu_bound,0,0.0,0.0,0,3,0,1,1,2,0,0.1364,8,9,3,3,3,0.0244,0.9756,0
13,317,449,H13_0317_01,168,10,7,3,3,interativo,1,0.41,1.49,2,1,29,1,2,31,1,0.7836,3,4,2,2,0,0.7,0.3,0
13,317,449,H13_0317_02,143,10,8,2,1,tempo_real,0,0.0,0.0,0,1,124,1,2,97,1,1,2,4,2,2,0,0.8,0.2,0
13,317,449,H13_0317_03,147,13,0,13,4,io_bound,1,0.76,4.21,8,2,16,0,0,0,0,0.3818,4,4,2,2,0,0.0,1.0,0
13,317,449,H13_0317_04,143,12,6,6,3,io_bound,1,0.89,4.52,6,2,231,1,4,222,0,1,4,4,2,2,0,0.5,0.5,1
13,318,289,H13_0318_01,271,8,1,7,2,interativo,0,0.0,0.0,0,1,13,1,1,14,1,0.5382,3,3,1,1,1,0.125,0.875,0
13,318,289,H13_0318_02,97,40,19,21,5,cpu_bound,0,0.0,0.0,0,3,146,1,1,140,0,1,8,3,1,1,1,0.475,0.525,0
13,318,289,H13_0318_03,10,15,5,10,3,io_bound,1,0.61,3.24,12,2,91,1,2,30,0,1,4,3,1,1,1,0.3333,0.6667,1
13,319,373,H13_0319_01,79,9,2,7,2,interativo,1,0.35,1.51,5,1,252,1,2,86,1,1,3,9,5,2,2,0.2222,0.7778,1
13,319,373,H13_0319_02,208,34,17,17,3,cpu_bound,0,0.0,0.0,0,3,99,1,12,57,0,1,8,9,5,2,2,0.5,0.5,0
13,319,373,H13_0319_03,148,18,9,9,2,io_bound,1,0.8,5.38,5,2,201,1,2,190,0,1,4,9,5,2,2,0.5,0.5,0
13,319,373,H13_0319_04,360,10,1,9,2,tempo_real,0,0.0,0.0,0,1,11,1,1,8,1,0.5018,2,9,5,2,2,0.1,0.9,0
13,319,373,H13_0319_05,49,16,2,14,1,interativo,1,0.62,1.72,2,1,225,1,1,85,1,1,3,9,5,2,2,0.125,0.875,0
13,319,373,H13_0319_06,356,14,13,1,3,io_bound,1,0.68,3.41,11,2,6,1,8,11,0,0.2455,4,9,5,2,2,0.9286,0.0714,0
13,319,373,H13_0319_07,138,11,0,11,2,interativo,1,0.42,2.76,2,1,194,0,0,0,1,1,3,9,5,2,2,0.0,1.0,0
13,319,373,H13_0319_08,196,49,27,22,5,batch,0,0.0,0.0,0,3,45,1,11,40,0,1,8,9,5,2,2,0.551,0.449,0
13,319,373,H13_0319_09,241,8,5,3,2,interativo,1,0.3,1.87,5,1,75,1,2,28,1,1,3,9,5,2,2,0.625,0.375,0
13,320,348,H13_0320_01,115,47,43,4,5,cpu_bound,0,0.0,0.0,0,3,124,1,12,102,0,1,8,5,0,3,2,0.9149,0.0851,0
13,320,348,H13_0320_02,314,48,28,20,3,cpu_bound,0,0.0,0.0,0,3,26,1,10,17,0,0.7891,8,5,0,3,2,0.5833,0.4167,0
13,320,348,H13_0320_03,198,18,5,13,2,misto,1,0.6,2.56,9,2,25,1,4,5,0,0.6364,4,5,0,3,2,0.2778,0.7222,0
13,320,348,H13_0320_04,258,18,14,4,3,io_bound,1,0.56,3.05,11,2,16,1,11,3,0,0.4273,4,5,0,3,2,0.7778,0.2222,0
13,320,348,H13_0320_05,80,18,1,17,3,io_bound,1,0.75,5.76,9,2,140,1,1,6,0,1,4,5,0,3,2,0.0556,0.9444,1
13,321,417,H13_0321_01,112,47,21,26,5,batch,1,0.38,2.12,5,3,288,1,10,225,0,1,8,9,2,1,6,0.4468,0.5532,1
13,321,417,H13_0321_02,353,48,4,44,4,cpu_bound,0,0.0,0.0,0,3,9,1,1,6,0,0.2545,8,9,2,1,6,0.0833,0.9167,0
13,321,417,H13_0321_03,80,22,20,2,3,misto,1,0.41,3.94,6,2,177,1,6,39,0,1,4,9,2,1,6,0.9091,0.0909,0
13,321,417,H13_0321_04,81,11,3,8,3,interativo,1,0.29,1.52,3,1,144,1,1,40,1,1,3,9,2,1,6,0.2727,0.7273,0
13,321,417,H13_0321_05,369,39,13,26,5,batch,0,0.0,0.0,0,3,15,1,6,9,0,0.3182,8,9,2,1,6,0.3333,0.6667,0
13,321,417,H13_0321_06,95,7,2,5,2,interativo,1,0.3,2.49,6,1,79,1,1,40,1,1,3,9,2,1,6,0.2857,0.7143,0
13,321,417,H13_0321_07,281,23,19,4,3,cpu_bound,1,0.21,0.82,5,3,31,1,5,6,0,0.88,8,9,2,1,6,0.8261,0.1739,0
13,321,417,H13_0321_08,155,51,26,25,5,cpu_bound,1,0.14,0.99,4,3,105,1,11,47,0,1,8,9,2,1,6,0.5098,0.4902,0
13,321,417,H13_0321_09,198,28,23,5,3,cpu_bound,0,0.0,0.0,0,3,52,1,11,28,0,1,8,9,2,1,6,0.8214,0.1786,0
13,322,271,H13_0322_01,144,24,19,5,2,misto,1,0.68,3.49,8,2,94,1,10,61,0,1,4,7,2,4,1,0.7917,0.2083,0
13,322,271,H13_0322_02,139,23,4,19,4,misto,1,0.48,3.55,3,2,123,1,2,31,0,1,4,7,2,4,1,0.1739,0.8261,0
13,322,271,H13_0322_03,26,15,9,6,1,interativo,0,0.0,0.0,0,1,55,1,8,11,1,1,3,7,2,4,1,0.6,0.4,0
13,322,271,H13_0322_04,0,21,20,1,2,misto,1,0.66,2.3,7,2,172,1,10,117,0,1,4,7,2,4,1,0.9524,0.0476,1
13,322,271,H13_0322_05,254,9,1,8,1,tempo_real,0,0.0,0.0,0,1,6,1,1,4,1,0.4564,2,7,2,4,1,0.1111,0.8889,0
13,322,271,H13_0322_06,8,41,38,3,5,batch,0,0.0,0.0,0,3,151,1,9,59,0,1,8,7,2,4,1,0.9268,0.0732,0
13,322,271,H13_0322_07,224,20,4,16,3,misto,1,0.37,1.97,3,2,36,1,4,41,0,0.7909,4,7,2,4,1,0.2,0.8,0
13,323,64,H13_0323_01,46,12,10,2,2,interativo,1,0.25,1.95,2,1,8,1,1,3,1,0.4473,3,3,2,0,1,0.8333,0.1667,0
13,323,64,H13_0323_02,27,8,2,6,2,interativo,1,0.31,1.27,4,1,34,1,1,16,1,0.92,3,3,2,0,1,0.25,0.75,1
13,323,64,H13_0323_03,6,26,24,2,4,cpu_bound,1,0.12,0.91,2,3,40,1,10,4,0,0.9982,8,3,2,0,1,0.9231,0.0769,0
13,324,107,H13_0324_01,36,27,12,15,3,misto,1,0.52,2.01,5,2,70,1,12,37,0,1,4,7,0,3,4,0.4444,0.5556,1
13,324,107,H13_0324_02,41,26,11,15,5,cpu_bound,0,0.0,0.0,0,3,17,1,8,10,0,0.3545,8,7,0,3,4,0.4231,0.5769,0
13,324,107,H13_0324_03,49,21,20,1,3,misto,0,0.0,0.0,0,2,16,1,3,1,0,0.4273,4,7,0,3,4,0.9524,0.0476,0
13,324,107,H13_0324_04,14,27,4,23,5,batch,0,0.0,0.0,0,3,55,1,4,39,0,1,8,7,0,3,4,0.1481,0.8519,0
13,324,107,H13_0324_05,103,21,8,13,2,misto,1,0.45,3.8,5,2,4,1,4,6,0,0.2545,4,7,0,3,4,0.381,0.619,0
13,324,107,H13_0324_06,89,53,51,2,5,batch,0,0.0,0.0,0,3,14,1,9,15,0,0.3,8,7,0,3,4,0.9623,0.0377,0
13,324,107,H13_0324_07,51,35,25,10,5,batch,1,0.3,2.68,9,3,34,1,1,38,0,0.8436,8,7,0,3,4,0.7143,0.2857,0
13,325,148,H13_0325_01,138,24,16,8,4,cpu_bound,0,0.0,0.0,0,3,10,1,3,14,0,0.2727,8,9,4,3,2,0.6667,0.3333,0
13,325,148,H13_0325_02,27,16,0,16,2,interativo,0,0.0,0.0,0,1,30,0,0,0,1,0.8473,3,9,4,3,2,0.0,1.0,0
13,325,148,H13_0325_03,130,5,2,3,1,interativo,0,0.0,0.0,0,1,17,1,1,9,1,0.6564,3,9,4,3,2,0.4,0.6,0
13,325,148,H13_0325_04,42,27,18,9,3,misto,1,0.39,3.21,4,2,47,1,3,46,0,0.9909,4,9,4,3,2,0.6667,0.3333,0
13,325,148,H13_0325_05,9,36,21,15,4,cpu_bound,0,0.0,0.0,0,3,10,1,2,3,0,0.2727,8,9,4,3,2,0.5833,0.4167,0
13,325,148,H13_0325_06,71,14,9,5,1,interativo,1,0.25,2.82,4,1,36,1,8,1,1,1,3,9,4,3,2,0.6429,0.3571,0
13,325,148,H13_0325_07,6,6,0,6,2,interativo,1,0.45,2.01,5,1,24,0,0,0,1,0.7382,3,9,4,3,2,0.0,1.0,0
13,325,148,H13_0325_08,28,20,18,2,2,misto,1,0.49,2.72,4,2,93,1,4,62,0,1,4,9,4,3,2,0.9,0.1,1
13,325,148,H13_0325_09,127,11,7,4,4,misto,1,0.56,3.25,4,2,12,1,7,8,0,0.3091,4,9,4,3,2,0.6364,0.3636,0
14,326,158,H14_0326_01,137,58,1,57,5,batch,0,0.0,0.0,0,3,21,1,1,9,0,0.4273,8,6,1,3,2,0.0172,0.9828,0
14,326,158,H14_0326_02,135,11,0,11,3,io_bound,0,0.0,0.0,0,2,4,0,0,0,0,0.2091,4,6,1,3,2,0.0,1.0,0
14,326,158,H14_0326_03,16,9,7,2,2,io_bound,1,0.6,5.53,9,2,134,1,3,56,0,1,4,6,1,3,2,0.7778,0.2222,1
14,326,158,H14_0326_04,24,13,11,2,1,interativo,1,0.5,2.91,2,1,112,1,9,8,1,1,3,6,1,3,2,0.8462,0.1538,0
14,326,158,H14_0326_05,35,38,25,13,5,cpu_bound,0,0.0,0.0,0,3,63,1,3,11,0,1,8,6,1,3,2,0.6579,0.3421,0
14,326,158,H14_0326_06,7,17,9,8,3,io_bound,1,0.77,3.28,10,2,58,1,9,18,0,1,4,6,1,3,2,0.5294,0.4706,0
